{"15001": {"attrType": 3, "energy": 1, "xy": -1, "baseQuality": 1, "skill": 100020, "id": 15001, "resourceid": 6000, "type": 220000, "maxenergy": 5, "soulcount": 5, "growpet": 15002, "VitGrowth": 26, "coin": 600, "nickname": "\u963f\u5361\u62c9", "icon": 6000, "ordSkill": 610101, "level": 1, "descript": "\u5b9e\u529b\u5f3a\u5927\u7684\u5973\u6218\u58eb", "soulrequired": 41001001, "DexGrowth": 28, "StrGrowth": 16, "WisGrowth": 1}, "15002": {"attrType": 3, "energy": 5, "xy": -1, "baseQuality": 2, "skill": 100020, "id": 15002, "resourceid": 6000, "type": 220000, "maxenergy": 50, "soulcount": 5, "growpet": 15003, "VitGrowth": 31, "coin": 4800, "nickname": "\u963f\u5361\u62c9", "icon": 6000, "ordSkill": 610101, "level": 1, "descript": "\u5b9e\u529b\u5f3a\u5927\u7684\u5973\u6218\u58eb", "soulrequired": 41001001, "DexGrowth": 34, "StrGrowth": 19, "WisGrowth": 1}, "15003": {"attrType": 3, "energy": 50, "xy": -1, "baseQuality": 3, "skill": 100020, "id": 15003, "resourceid": 6000, "type": 220000, "maxenergy": 500, "soulcount": 5, "growpet": 15004, "VitGrowth": 39, "coin": 16200, "nickname": "\u963f\u5361\u62c9", "icon": 6000, "ordSkill": 610101, "level": 1, "descript": "\u5b9e\u529b\u5f3a\u5927\u7684\u5973\u6218\u58eb", "soulrequired": 41001001, "DexGrowth": 42, "StrGrowth": 24, "WisGrowth": 1}, "15004": {"attrType": 3, "energy": 100, "xy": -1, "baseQuality": 4, "skill": 100020, "id": 15004, "resourceid": 6000, "type": 220000, "maxenergy": 0, "soulcount": 5, "growpet": 0, "VitGrowth": 52, "coin": 38400, "nickname": "\u963f\u5361\u62c9", "icon": 6000, "ordSkill": 610101, "level": 1, "descript": "\u5b9e\u529b\u5f3a\u5927\u7684\u5973\u6218\u58eb", "soulrequired": 41001001, "DexGrowth": 56, "StrGrowth": 32, "WisGrowth": 1}, "15005": {"attrType": 2, "energy": 1, "xy": -1, "baseQuality": 1, "skill": 100016, "id": 15005, "resourceid": 6001, "type": 220000, "maxenergy": 5, "soulcount": 5, "growpet": 15006, "VitGrowth": 16, "coin": 600, "nickname": "\u7a46\u9c81", "icon": 6001, "ordSkill": 610101, "level": 1, "descript": "\u7ee7\u627f\u4e86\u795e\u79d8\u529b\u91cf\u7684\u5deb\u5e08", "soulrequired": 41001002, "DexGrowth": 20, "StrGrowth": 34, "WisGrowth": 1}, "15006": {"attrType": 2, "energy": 5, "xy": -1, "baseQuality": 2, "skill": 100016, "id": 15006, "resourceid": 6001, "type": 220000, "maxenergy": 50, "soulcount": 5, "growpet": 15007, "VitGrowth": 19, "coin": 4800, "nickname": "\u7a46\u9c81", "icon": 6001, "ordSkill": 610101, "level": 1, "descript": "\u7ee7\u627f\u4e86\u795e\u79d8\u529b\u91cf\u7684\u5deb\u5e08", "soulrequired": 41001002, "DexGrowth": 24, "StrGrowth": 41, "WisGrowth": 1}, "15007": {"attrType": 2, "energy": 50, "xy": -1, "baseQuality": 3, "skill": 100016, "id": 15007, "resourceid": 6001, "type": 220000, "maxenergy": 500, "soulcount": 5, "growpet": 15008, "VitGrowth": 24, "coin": 16200, "nickname": "\u7a46\u9c81", "icon": 6001, "ordSkill": 610101, "level": 1, "descript": "\u7ee7\u627f\u4e86\u795e\u79d8\u529b\u91cf\u7684\u5deb\u5e08", "soulrequired": 41001002, "DexGrowth": 30, "StrGrowth": 51, "WisGrowth": 1}, "15008": {"attrType": 2, "energy": 100, "xy": -1, "baseQuality": 4, "skill": 100016, "id": 15008, "resourceid": 6001, "type": 220000, "maxenergy": 0, "soulcount": 5, "growpet": 0, "VitGrowth": 32, "coin": 38400, "nickname": "\u7a46\u9c81", "icon": 6001, "ordSkill": 610101, "level": 1, "descript": "\u7ee7\u627f\u4e86\u795e\u79d8\u529b\u91cf\u7684\u5deb\u5e08", "soulrequired": 41001002, "DexGrowth": 40, "StrGrowth": 68, "WisGrowth": 1}, "15009": {"attrType": 2, "energy": 1, "xy": -1, "baseQuality": 1, "skill": 100024, "id": 15009, "resourceid": 6002, "type": 220000, "maxenergy": 5, "soulcount": 5, "growpet": 15010, "VitGrowth": 18, "coin": 600, "nickname": "\u68ee", "icon": 6002, "ordSkill": 610101, "level": 1, "descript": "\u82e6\u884c\u7684\u6b66\u50e7", "soulrequired": 41001003, "DexGrowth": 16, "StrGrowth": 36, "WisGrowth": 1}, "15010": {"attrType": 2, "energy": 5, "xy": -1, "baseQuality": 2, "skill": 100024, "id": 15010, "resourceid": 6002, "type": 220000, "maxenergy": 50, "soulcount": 5, "growpet": 15011, "VitGrowth": 33, "coin": 4800, "nickname": "\u68ee", "icon": 6002, "ordSkill": 610101, "level": 1, "descript": "\u82e6\u884c\u7684\u6b66\u50e7", "soulrequired": 41001003, "DexGrowth": 19, "StrGrowth": 43, "WisGrowth": 1}, "15011": {"attrType": 2, "energy": 50, "xy": -1, "baseQuality": 3, "skill": 100024, "id": 15011, "resourceid": 6002, "type": 220000, "maxenergy": 500, "soulcount": 5, "growpet": 15012, "VitGrowth": 27, "coin": 16200, "nickname": "\u68ee", "icon": 6002, "ordSkill": 610101, "level": 1, "descript": "\u82e6\u884c\u7684\u6b66\u50e7", "soulrequired": 41001003, "DexGrowth": 24, "StrGrowth": 54, "WisGrowth": 1}, "15012": {"attrType": 2, "energy": 100, "xy": -1, "baseQuality": 4, "skill": 100024, "id": 15012, "resourceid": 6002, "type": 220000, "maxenergy": 0, "soulcount": 5, "growpet": 0, "VitGrowth": 36, "coin": 38400, "nickname": "\u68ee", "icon": 6002, "ordSkill": 610101, "level": 1, "descript": "\u82e6\u884c\u7684\u6b66\u50e7", "soulrequired": 41001003, "DexGrowth": 32, "StrGrowth": 72, "WisGrowth": 1}, "15013": {"attrType": 1, "energy": 1, "xy": -1, "baseQuality": 1, "skill": 100030, "id": 15013, "resourceid": 6003, "type": 220000, "maxenergy": 5, "soulcount": 5, "growpet": 15014, "VitGrowth": 28, "coin": 600, "nickname": "\u5854\u5a1c", "icon": 6003, "ordSkill": 610101, "level": 1, "descript": "\u638c\u63a7\u51b0\u971c\u529b\u91cf\u7684\u5973\u6cd5\u5e08", "soulrequired": 41001004, "DexGrowth": 22, "StrGrowth": 20, "WisGrowth": 1}, "15014": {"attrType": 1, "energy": 5, "xy": -1, "baseQuality": 2, "skill": 100030, "id": 15014, "resourceid": 6003, "type": 220000, "maxenergy": 50, "soulcount": 5, "growpet": 15015, "VitGrowth": 37, "coin": 4800, "nickname": "\u5854\u5a1c", "icon": 6003, "ordSkill": 610101, "level": 1, "descript": "\u638c\u63a7\u51b0\u971c\u529b\u91cf\u7684\u5973\u6cd5\u5e08", "soulrequired": 41001004, "DexGrowth": 26, "StrGrowth": 24, "WisGrowth": 1}, "15015": {"attrType": 1, "energy": 50, "xy": -1, "baseQuality": 3, "skill": 100030, "id": 15015, "resourceid": 6003, "type": 220000, "maxenergy": 500, "soulcount": 5, "growpet": 15016, "VitGrowth": 42, "coin": 16200, "nickname": "\u5854\u5a1c", "icon": 6003, "ordSkill": 610101, "level": 1, "descript": "\u638c\u63a7\u51b0\u971c\u529b\u91cf\u7684\u5973\u6cd5\u5e08", "soulrequired": 41001004, "DexGrowth": 33, "StrGrowth": 30, "WisGrowth": 1}, "15016": {"attrType": 1, "energy": 100, "xy": -1, "baseQuality": 4, "skill": 100030, "id": 15016, "resourceid": 6003, "type": 220000, "maxenergy": 0, "soulcount": 5, "growpet": 0, "VitGrowth": 56, "coin": 38400, "nickname": "\u5854\u5a1c", "icon": 6003, "ordSkill": 610101, "level": 1, "descript": "\u638c\u63a7\u51b0\u971c\u529b\u91cf\u7684\u5973\u6cd5\u5e08", "soulrequired": 41001004, "DexGrowth": 44, "StrGrowth": 40, "WisGrowth": 1}, "15017": {"attrType": 2, "energy": 1, "xy": -1, "baseQuality": 1, "skill": 100011, "id": 15017, "resourceid": 6004, "type": 220000, "maxenergy": 5, "soulcount": 5, "growpet": 15018, "VitGrowth": 16, "coin": 600, "nickname": "\u9c81\u683c", "icon": 6004, "ordSkill": 610101, "level": 1, "descript": "\u51b7\u8840\u7684\u5f13\u7bad\u624b", "soulrequired": 41001005, "DexGrowth": 24, "StrGrowth": 30, "WisGrowth": 1}, "15018": {"attrType": 2, "energy": 5, "xy": -1, "baseQuality": 2, "skill": 100011, "id": 15018, "resourceid": 6004, "type": 220000, "maxenergy": 50, "soulcount": 5, "growpet": 15019, "VitGrowth": 19, "coin": 4800, "nickname": "\u9c81\u683c", "icon": 6004, "ordSkill": 610101, "level": 1, "descript": "\u51b7\u8840\u7684\u5f13\u7bad\u624b", "soulrequired": 41001005, "DexGrowth": 29, "StrGrowth": 36, "WisGrowth": 1}, "15019": {"attrType": 2, "energy": 50, "xy": -1, "baseQuality": 3, "skill": 100011, "id": 15019, "resourceid": 6004, "type": 220000, "maxenergy": 500, "soulcount": 5, "growpet": 15020, "VitGrowth": 24, "coin": 16200, "nickname": "\u9c81\u683c", "icon": 6004, "ordSkill": 610101, "level": 1, "descript": "\u51b7\u8840\u7684\u5f13\u7bad\u624b", "soulrequired": 41001005, "DexGrowth": 36, "StrGrowth": 45, "WisGrowth": 1}, "15020": {"attrType": 2, "energy": 100, "xy": -1, "baseQuality": 4, "skill": 100011, "id": 15020, "resourceid": 6004, "type": 220000, "maxenergy": 0, "soulcount": 5, "growpet": 0, "VitGrowth": 32, "coin": 38400, "nickname": "\u9c81\u683c", "icon": 6004, "ordSkill": 610101, "level": 1, "descript": "\u51b7\u8840\u7684\u5f13\u7bad\u624b", "soulrequired": 41001005, "DexGrowth": 48, "StrGrowth": 60, "WisGrowth": 1}, "15029": {"attrType": 3, "energy": 1, "xy": -1, "baseQuality": 1, "skill": 100031, "id": 15029, "resourceid": 6007, "type": 220000, "maxenergy": 5, "soulcount": 5, "growpet": 15030, "VitGrowth": 16, "coin": 600, "nickname": "\u7ef4\u9c81\u65af", "icon": 6007, "ordSkill": 610101, "level": 1, "descript": "\u7ef4\u4eac\u72c2\u6218\u58eb", "soulrequired": 41001008, "DexGrowth": 38, "StrGrowth": 16, "WisGrowth": 1}, "15030": {"attrType": 3, "energy": 5, "xy": -1, "baseQuality": 2, "skill": 100031, "id": 15030, "resourceid": 6007, "type": 220000, "maxenergy": 50, "soulcount": 5, "growpet": 15031, "VitGrowth": 19, "coin": 4800, "nickname": "\u7ef4\u9c81\u65af", "icon": 6007, "ordSkill": 610101, "level": 1, "descript": "\u7ef4\u4eac\u72c2\u6218\u58eb", "soulrequired": 41001008, "DexGrowth": 46, "StrGrowth": 19, "WisGrowth": 1}, "15031": {"attrType": 3, "energy": 50, "xy": -1, "baseQuality": 3, "skill": 100031, "id": 15031, "resourceid": 6007, "type": 220000, "maxenergy": 500, "soulcount": 5, "growpet": 15032, "VitGrowth": 24, "coin": 16200, "nickname": "\u7ef4\u9c81\u65af", "icon": 6007, "ordSkill": 610101, "level": 1, "descript": "\u7ef4\u4eac\u72c2\u6218\u58eb", "soulrequired": 41001008, "DexGrowth": 57, "StrGrowth": 24, "WisGrowth": 1}, "15032": {"attrType": 3, "energy": 100, "xy": -1, "baseQuality": 4, "skill": 100031, "id": 15032, "resourceid": 6007, "type": 220000, "maxenergy": 0, "soulcount": 5, "growpet": 0, "VitGrowth": 32, "coin": 38400, "nickname": "\u7ef4\u9c81\u65af", "icon": 6007, "ordSkill": 610101, "level": 1, "descript": "\u7ef4\u4eac\u72c2\u6218\u58eb", "soulrequired": 41001008, "DexGrowth": 76, "StrGrowth": 32, "WisGrowth": 1}, "15049": {"attrType": 3, "energy": 1, "xy": -1, "baseQuality": 1, "skill": 100016, "id": 15049, "resourceid": 6012, "type": 220000, "maxenergy": 5, "soulcount": 5, "growpet": 15050, "VitGrowth": 22, "coin": 600, "nickname": "\u6770\u521a", "icon": 6012, "ordSkill": 610101, "level": 1, "descript": "\u6b66\u50e7\u4e2d\u7684\u5f02\u7c7b", "soulrequired": 41001013, "DexGrowth": 28, "StrGrowth": 20, "WisGrowth": 1}, "15050": {"attrType": 3, "energy": 5, "xy": -1, "baseQuality": 2, "skill": 100016, "id": 15050, "resourceid": 6012, "type": 220000, "maxenergy": 50, "soulcount": 5, "growpet": 15051, "VitGrowth": 26, "coin": 4800, "nickname": "\u6770\u521a", "icon": 6012, "ordSkill": 610101, "level": 1, "descript": "\u6b66\u50e7\u4e2d\u7684\u5f02\u7c7b", "soulrequired": 41001013, "DexGrowth": 34, "StrGrowth": 24, "WisGrowth": 1}, "15051": {"attrType": 3, "energy": 50, "xy": -1, "baseQuality": 3, "skill": 100016, "id": 15051, "resourceid": 6012, "type": 220000, "maxenergy": 500, "soulcount": 5, "growpet": 15052, "VitGrowth": 33, "coin": 16200, "nickname": "\u6770\u521a", "icon": 6012, "ordSkill": 610101, "level": 1, "descript": "\u6b66\u50e7\u4e2d\u7684\u5f02\u7c7b", "soulrequired": 41001013, "DexGrowth": 42, "StrGrowth": 30, "WisGrowth": 1}, "15052": {"attrType": 3, "energy": 100, "xy": -1, "baseQuality": 4, "skill": 100016, "id": 15052, "resourceid": 6012, "type": 220000, "maxenergy": 0, "soulcount": 5, "growpet": 0, "VitGrowth": 44, "coin": 38400, "nickname": "\u6770\u521a", "icon": 6012, "ordSkill": 610101, "level": 1, "descript": "\u6b66\u50e7\u4e2d\u7684\u5f02\u7c7b", "soulrequired": 41001013, "DexGrowth": 56, "StrGrowth": 40, "WisGrowth": 1}, "15053": {"attrType": 2, "energy": 1, "xy": -1, "baseQuality": 1, "skill": 100024, "id": 15053, "resourceid": 6013, "type": 220000, "maxenergy": 5, "soulcount": 5, "growpet": 15054, "VitGrowth": 16, "coin": 600, "nickname": "\u5973\u4f2f\u7235", "icon": 6013, "ordSkill": 610101, "level": 1, "descript": "\u5b9e\u529b\u5f3a\u5927\u7684\u8840\u65cf", "soulrequired": 41001014, "DexGrowth": 22, "StrGrowth": 32, "WisGrowth": 1}, "15054": {"attrType": 2, "energy": 5, "xy": -1, "baseQuality": 2, "skill": 100024, "id": 15054, "resourceid": 6013, "type": 220000, "maxenergy": 50, "soulcount": 5, "growpet": 15055, "VitGrowth": 19, "coin": 4800, "nickname": "\u5973\u4f2f\u7235", "icon": 6013, "ordSkill": 610101, "level": 1, "descript": "\u5b9e\u529b\u5f3a\u5927\u7684\u8840\u65cf", "soulrequired": 41001014, "DexGrowth": 27, "StrGrowth": 38, "WisGrowth": 1}, "15055": {"attrType": 2, "energy": 50, "xy": -1, "baseQuality": 3, "skill": 100024, "id": 15055, "resourceid": 6013, "type": 220000, "maxenergy": 500, "soulcount": 5, "growpet": 15056, "VitGrowth": 24, "coin": 16200, "nickname": "\u5973\u4f2f\u7235", "icon": 6013, "ordSkill": 610101, "level": 1, "descript": "\u5b9e\u529b\u5f3a\u5927\u7684\u8840\u65cf", "soulrequired": 41001014, "DexGrowth": 33, "StrGrowth": 48, "WisGrowth": 1}, "15056": {"attrType": 2, "energy": 100, "xy": -1, "baseQuality": 4, "skill": 100024, "id": 15056, "resourceid": 6013, "type": 220000, "maxenergy": 0, "soulcount": 5, "growpet": 0, "VitGrowth": 32, "coin": 38400, "nickname": "\u5973\u4f2f\u7235", "icon": 6013, "ordSkill": 610101, "level": 1, "descript": "\u5b9e\u529b\u5f3a\u5927\u7684\u8840\u65cf", "soulrequired": 41001014, "DexGrowth": 44, "StrGrowth": 64, "WisGrowth": 1}, "15057": {"attrType": 2, "energy": 1, "xy": -1, "baseQuality": 1, "skill": 100019, "id": 15057, "resourceid": 6014, "type": 220000, "maxenergy": 5, "soulcount": 5, "growpet": 15058, "VitGrowth": 16, "coin": 600, "nickname": "\u6cf0\u745e\u5c14", "icon": 6014, "ordSkill": 610101, "level": 1, "descript": "\u4e0b\u51e1\u7684\u5929\u4f7f", "soulrequired": 41001015, "DexGrowth": 24, "StrGrowth": 30, "WisGrowth": 1}, "15058": {"attrType": 2, "energy": 5, "xy": -1, "baseQuality": 2, "skill": 100019, "id": 15058, "resourceid": 6014, "type": 220000, "maxenergy": 50, "soulcount": 5, "growpet": 15059, "VitGrowth": 19, "coin": 4800, "nickname": "\u6cf0\u745e\u5c14", "icon": 6014, "ordSkill": 610101, "level": 1, "descript": "\u4e0b\u51e1\u7684\u5929\u4f7f", "soulrequired": 41001015, "DexGrowth": 29, "StrGrowth": 36, "WisGrowth": 1}, "15059": {"attrType": 2, "energy": 50, "xy": -1, "baseQuality": 3, "skill": 100019, "id": 15059, "resourceid": 6014, "type": 220000, "maxenergy": 500, "soulcount": 5, "growpet": 15060, "VitGrowth": 24, "coin": 16200, "nickname": "\u6cf0\u745e\u5c14", "icon": 6014, "ordSkill": 610101, "level": 1, "descript": "\u4e0b\u51e1\u7684\u5929\u4f7f", "soulrequired": 41001015, "DexGrowth": 36, "StrGrowth": 45, "WisGrowth": 1}, "15060": {"attrType": 2, "energy": 100, "xy": -1, "baseQuality": 4, "skill": 100019, "id": 15060, "resourceid": 6014, "type": 220000, "maxenergy": 0, "soulcount": 5, "growpet": 0, "VitGrowth": 32, "coin": 38400, "nickname": "\u6cf0\u745e\u5c14", "icon": 6014, "ordSkill": 610101, "level": 1, "descript": "\u4e0b\u51e1\u7684\u5929\u4f7f", "soulrequired": 41001015, "DexGrowth": 48, "StrGrowth": 60, "WisGrowth": 1}, "15065": {"attrType": 3, "energy": 1, "xy": -1, "baseQuality": 1, "skill": 100025, "id": 15065, "resourceid": 6016, "type": 220000, "maxenergy": 5, "soulcount": 5, "growpet": 15066, "VitGrowth": 18, "coin": 600, "nickname": "\u51ef\u6069", "icon": 6016, "ordSkill": 610101, "level": 1, "descript": "\u535a\u5b66\u7684\u8001\u6cd5\u5e08", "soulrequired": 41001017, "DexGrowth": 32, "StrGrowth": 20, "WisGrowth": 1}, "15066": {"attrType": 3, "energy": 5, "xy": -1, "baseQuality": 2, "skill": 100025, "id": 15066, "resourceid": 6016, "type": 220000, "maxenergy": 50, "soulcount": 5, "growpet": 15067, "VitGrowth": 22, "coin": 4800, "nickname": "\u51ef\u6069", "icon": 6016, "ordSkill": 610101, "level": 1, "descript": "\u535a\u5b66\u7684\u8001\u6cd5\u5e08", "soulrequired": 41001017, "DexGrowth": 38, "StrGrowth": 24, "WisGrowth": 1}, "15067": {"attrType": 3, "energy": 50, "xy": -1, "baseQuality": 3, "skill": 100025, "id": 15067, "resourceid": 6016, "type": 220000, "maxenergy": 500, "soulcount": 5, "growpet": 15068, "VitGrowth": 27, "coin": 16200, "nickname": "\u51ef\u6069", "icon": 6016, "ordSkill": 610101, "level": 1, "descript": "\u535a\u5b66\u7684\u8001\u6cd5\u5e08", "soulrequired": 41001017, "DexGrowth": 48, "StrGrowth": 30, "WisGrowth": 1}, "15068": {"attrType": 3, "energy": 100, "xy": -1, "baseQuality": 4, "skill": 100025, "id": 15068, "resourceid": 6016, "type": 220000, "maxenergy": 0, "soulcount": 5, "growpet": 0, "VitGrowth": 36, "coin": 38400, "nickname": "\u51ef\u6069", "icon": 6016, "ordSkill": 610101, "level": 1, "descript": "\u535a\u5b66\u7684\u8001\u6cd5\u5e08", "soulrequired": 41001017, "DexGrowth": 64, "StrGrowth": 40, "WisGrowth": 1}, "15093": {"attrType": 2, "energy": 1, "xy": -1, "baseQuality": 1, "skill": 100008, "id": 15093, "resourceid": 6023, "type": 220000, "maxenergy": 5, "soulcount": 5, "growpet": 15094, "VitGrowth": 16, "coin": 600, "nickname": "\u6770\u62c9", "icon": 6023, "ordSkill": 610101, "level": 1, "descript": "\u7ef4\u4eac\u5973\u6218\u58eb", "soulrequired": 41001024, "DexGrowth": 20, "StrGrowth": 34, "WisGrowth": 1}, "15094": {"attrType": 2, "energy": 5, "xy": -1, "baseQuality": 2, "skill": 100008, "id": 15094, "resourceid": 6023, "type": 220000, "maxenergy": 50, "soulcount": 5, "growpet": 15095, "VitGrowth": 19, "coin": 4800, "nickname": "\u6770\u62c9", "icon": 6023, "ordSkill": 610101, "level": 1, "descript": "\u7ef4\u4eac\u5973\u6218\u58eb", "soulrequired": 41001024, "DexGrowth": 24, "StrGrowth": 41, "WisGrowth": 1}, "15095": {"attrType": 2, "energy": 50, "xy": -1, "baseQuality": 3, "skill": 100008, "id": 15095, "resourceid": 6023, "type": 220000, "maxenergy": 500, "soulcount": 5, "growpet": 15096, "VitGrowth": 24, "coin": 16200, "nickname": "\u6770\u62c9", "icon": 6023, "ordSkill": 610101, "level": 1, "descript": "\u7ef4\u4eac\u5973\u6218\u58eb", "soulrequired": 41001024, "DexGrowth": 30, "StrGrowth": 51, "WisGrowth": 1}, "15096": {"attrType": 2, "energy": 100, "xy": -1, "baseQuality": 4, "skill": 100008, "id": 15096, "resourceid": 6023, "type": 220000, "maxenergy": 0, "soulcount": 5, "growpet": 0, "VitGrowth": 32, "coin": 38400, "nickname": "\u6770\u62c9", "icon": 6023, "ordSkill": 610101, "level": 1, "descript": "\u7ef4\u4eac\u5973\u6218\u58eb", "soulrequired": 41001024, "DexGrowth": 40, "StrGrowth": 68, "WisGrowth": 1}, "15097": {"attrType": 3, "energy": 1, "xy": -1, "baseQuality": 1, "skill": 100017, "id": 15097, "resourceid": 6024, "type": 220000, "maxenergy": 5, "soulcount": 5, "growpet": 15098, "VitGrowth": 20, "coin": 600, "nickname": "\u5965\u62c9\u592b", "icon": 6024, "ordSkill": 610101, "level": 1, "descript": "\u72c2\u6218\u58eb\u7684\u9886\u8896", "soulrequired": 41001025, "DexGrowth": 30, "StrGrowth": 20, "WisGrowth": 1}, "15098": {"attrType": 3, "energy": 5, "xy": -1, "baseQuality": 2, "skill": 100017, "id": 15098, "resourceid": 6024, "type": 220000, "maxenergy": 50, "soulcount": 5, "growpet": 15099, "VitGrowth": 24, "coin": 4800, "nickname": "\u5965\u62c9\u592b", "icon": 6024, "ordSkill": 610101, "level": 1, "descript": "\u72c2\u6218\u58eb\u7684\u9886\u8896", "soulrequired": 41001025, "DexGrowth": 36, "StrGrowth": 24, "WisGrowth": 1}, "15099": {"attrType": 3, "energy": 50, "xy": -1, "baseQuality": 3, "skill": 100017, "id": 15099, "resourceid": 6024, "type": 220000, "maxenergy": 500, "soulcount": 5, "growpet": 15100, "VitGrowth": 30, "coin": 16200, "nickname": "\u5965\u62c9\u592b", "icon": 6024, "ordSkill": 610101, "level": 1, "descript": "\u72c2\u6218\u58eb\u7684\u9886\u8896", "soulrequired": 41001025, "DexGrowth": 45, "StrGrowth": 30, "WisGrowth": 1}, "15100": {"attrType": 3, "energy": 100, "xy": -1, "baseQuality": 4, "skill": 100017, "id": 15100, "resourceid": 6024, "type": 220000, "maxenergy": 0, "soulcount": 5, "growpet": 0, "VitGrowth": 40, "coin": 38400, "nickname": "\u5965\u62c9\u592b", "icon": 6024, "ordSkill": 610101, "level": 1, "descript": "\u72c2\u6218\u58eb\u7684\u9886\u8896", "soulrequired": 41001025, "DexGrowth": 60, "StrGrowth": 40, "WisGrowth": 1}, "15117": {"attrType": 3, "energy": 1, "xy": -1, "baseQuality": 1, "skill": 100030, "id": 15117, "resourceid": 6029, "type": 220000, "maxenergy": 5, "soulcount": 5, "growpet": 15118, "VitGrowth": 18, "coin": 600, "nickname": "\u5c3c\u5965\u51ef", "icon": 6029, "ordSkill": 610101, "level": 1, "descript": "\u5973\u6027\u72c2\u6218\u58eb", "soulrequired": 25, "DexGrowth": 28, "StrGrowth": 24, "WisGrowth": 1}, "15118": {"attrType": 3, "energy": 5, "xy": -1, "baseQuality": 2, "skill": 100030, "id": 15118, "resourceid": 6029, "type": 220000, "maxenergy": 50, "soulcount": 5, "growpet": 15119, "VitGrowth": 22, "coin": 4800, "nickname": "\u5c3c\u5965\u51ef", "icon": 6029, "ordSkill": 610101, "level": 1, "descript": "\u5973\u6027\u72c2\u6218\u58eb", "soulrequired": 25, "DexGrowth": 34, "StrGrowth": 28, "WisGrowth": 1}, "15119": {"attrType": 3, "energy": 50, "xy": -1, "baseQuality": 3, "skill": 100030, "id": 15119, "resourceid": 6029, "type": 220000, "maxenergy": 500, "soulcount": 5, "growpet": 15120, "VitGrowth": 27, "coin": 16200, "nickname": "\u5c3c\u5965\u51ef", "icon": 6029, "ordSkill": 610101, "level": 1, "descript": "\u5973\u6027\u72c2\u6218\u58eb", "soulrequired": 25, "DexGrowth": 42, "StrGrowth": 36, "WisGrowth": 1}, "15120": {"attrType": 3, "energy": 100, "xy": -1, "baseQuality": 4, "skill": 100030, "id": 15120, "resourceid": 6029, "type": 220000, "maxenergy": 0, "soulcount": 5, "growpet": 0, "VitGrowth": 36, "coin": 38400, "nickname": "\u5c3c\u5965\u51ef", "icon": 6029, "ordSkill": 610101, "level": 1, "descript": "\u5973\u6027\u72c2\u6218\u58eb", "soulrequired": 25, "DexGrowth": 56, "StrGrowth": 48, "WisGrowth": 1}, "15133": {"attrType": 3, "energy": 1, "xy": -1, "baseQuality": 1, "skill": 100006, "id": 15133, "resourceid": 6033, "type": 220000, "maxenergy": 5, "soulcount": 5, "growpet": 15134, "VitGrowth": 16, "coin": 600, "nickname": "\u5c24\u5a1c", "icon": 6033, "ordSkill": 610101, "level": 1, "descript": "\u5973\u6027\u5deb\u5e08", "soulrequired": 25, "DexGrowth": 28, "StrGrowth": 26, "WisGrowth": 1}, "15134": {"attrType": 3, "energy": 5, "xy": -1, "baseQuality": 2, "skill": 100006, "id": 15134, "resourceid": 6033, "type": 220000, "maxenergy": 50, "soulcount": 5, "growpet": 15135, "VitGrowth": 19, "coin": 4800, "nickname": "\u5c24\u5a1c", "icon": 6033, "ordSkill": 610101, "level": 1, "descript": "\u5973\u6027\u5deb\u5e08", "soulrequired": 25, "DexGrowth": 34, "StrGrowth": 31, "WisGrowth": 1}, "15135": {"attrType": 3, "energy": 50, "xy": -1, "baseQuality": 3, "skill": 100006, "id": 15135, "resourceid": 6033, "type": 220000, "maxenergy": 500, "soulcount": 5, "growpet": 15136, "VitGrowth": 24, "coin": 16200, "nickname": "\u5c24\u5a1c", "icon": 6033, "ordSkill": 610101, "level": 1, "descript": "\u5973\u6027\u5deb\u5e08", "soulrequired": 25, "DexGrowth": 42, "StrGrowth": 39, "WisGrowth": 1}, "15136": {"attrType": 3, "energy": 100, "xy": -1, "baseQuality": 4, "skill": 100006, "id": 15136, "resourceid": 6033, "type": 220000, "maxenergy": 0, "soulcount": 5, "growpet": 0, "VitGrowth": 32, "coin": 38400, "nickname": "\u5c24\u5a1c", "icon": 6033, "ordSkill": 610101, "level": 1, "descript": "\u5973\u6027\u5deb\u5e08", "soulrequired": 25, "DexGrowth": 56, "StrGrowth": 52, "WisGrowth": 1}, "15149": {"attrType": 2, "energy": 1, "xy": -1, "baseQuality": 1, "skill": 100015, "id": 15149, "resourceid": 6037, "type": 220000, "maxenergy": 5, "soulcount": 5, "growpet": 15150, "VitGrowth": 16, "coin": 600, "nickname": "\u8fea\u5965\u5e03\u9c81", "icon": 6037, "ordSkill": 610101, "level": 1, "descript": "\u4e09\u5927\u9b54\u738b\u4e4b\u4e00", "soulrequired": 50, "DexGrowth": 16, "StrGrowth": 38, "WisGrowth": 1}, "15150": {"attrType": 2, "energy": 5, "xy": -1, "baseQuality": 2, "skill": 100015, "id": 15150, "resourceid": 6037, "type": 220000, "maxenergy": 50, "soulcount": 5, "growpet": 15151, "VitGrowth": 19, "coin": 4800, "nickname": "\u8fea\u5965\u5e03\u9c81", "icon": 6037, "ordSkill": 610101, "level": 1, "descript": "\u4e09\u5927\u9b54\u738b\u4e4b\u4e00", "soulrequired": 50, "DexGrowth": 19, "StrGrowth": 46, "WisGrowth": 1}, "15151": {"attrType": 2, "energy": 50, "xy": -1, "baseQuality": 3, "skill": 100015, "id": 15151, "resourceid": 6037, "type": 220000, "maxenergy": 500, "soulcount": 5, "growpet": 15152, "VitGrowth": 24, "coin": 16200, "nickname": "\u8fea\u5965\u5e03\u9c81", "icon": 6037, "ordSkill": 610101, "level": 1, "descript": "\u4e09\u5927\u9b54\u738b\u4e4b\u4e00", "soulrequired": 50, "DexGrowth": 24, "StrGrowth": 57, "WisGrowth": 1}, "15152": {"attrType": 2, "energy": 100, "xy": -1, "baseQuality": 4, "skill": 100015, "id": 15152, "resourceid": 6037, "type": 220000, "maxenergy": 0, "soulcount": 5, "growpet": 0, "VitGrowth": 32, "coin": 38400, "nickname": "\u8fea\u5965\u5e03\u9c81", "icon": 6037, "ordSkill": 610101, "level": 1, "descript": "\u4e09\u5927\u9b54\u738b\u4e4b\u4e00", "soulrequired": 50, "DexGrowth": 32, "StrGrowth": 76, "WisGrowth": 1}, "15153": {"attrType": 3, "energy": 1, "xy": -1, "baseQuality": 1, "skill": 100029, "id": 15153, "resourceid": 6038, "type": 220000, "maxenergy": 5, "soulcount": 5, "growpet": 15154, "VitGrowth": 22, "coin": 600, "nickname": "\u6c49\u5c3c\u62d4", "icon": 6038, "ordSkill": 610101, "level": 1, "descript": "\u6218\u65e0\u4e0d\u80dc\u7684\u4eba\u7c7b\u5c06\u519b", "soulrequired": 50, "DexGrowth": 28, "StrGrowth": 20, "WisGrowth": 1}, "15154": {"attrType": 3, "energy": 5, "xy": -1, "baseQuality": 2, "skill": 100029, "id": 15154, "resourceid": 6038, "type": 220000, "maxenergy": 50, "soulcount": 5, "growpet": 15155, "VitGrowth": 26, "coin": 4800, "nickname": "\u6c49\u5c3c\u62d4", "icon": 6038, "ordSkill": 610101, "level": 1, "descript": "\u6218\u65e0\u4e0d\u80dc\u7684\u4eba\u7c7b\u5c06\u519b", "soulrequired": 50, "DexGrowth": 34, "StrGrowth": 24, "WisGrowth": 1}, "15155": {"attrType": 3, "energy": 50, "xy": -1, "baseQuality": 3, "skill": 100029, "id": 15155, "resourceid": 6038, "type": 220000, "maxenergy": 500, "soulcount": 5, "growpet": 15156, "VitGrowth": 33, "coin": 16200, "nickname": "\u6c49\u5c3c\u62d4", "icon": 6038, "ordSkill": 610101, "level": 1, "descript": "\u6218\u65e0\u4e0d\u80dc\u7684\u4eba\u7c7b\u5c06\u519b", "soulrequired": 50, "DexGrowth": 42, "StrGrowth": 30, "WisGrowth": 1}, "15156": {"attrType": 3, "energy": 100, "xy": -1, "baseQuality": 4, "skill": 100029, "id": 15156, "resourceid": 6038, "type": 220000, "maxenergy": 0, "soulcount": 5, "growpet": 0, "VitGrowth": 44, "coin": 38400, "nickname": "\u6c49\u5c3c\u62d4", "icon": 6038, "ordSkill": 610101, "level": 1, "descript": "\u6218\u65e0\u4e0d\u80dc\u7684\u4eba\u7c7b\u5c06\u519b", "soulrequired": 50, "DexGrowth": 56, "StrGrowth": 40, "WisGrowth": 1}, "15169": {"attrType": 2, "energy": 1, "xy": -1, "baseQuality": 1, "skill": 100019, "id": 15169, "resourceid": 6042, "type": 220000, "maxenergy": 5, "soulcount": 5, "growpet": 15170, "VitGrowth": 18, "coin": 600, "nickname": "\u58a8\u83f2\u65af\u7279", "icon": 6042, "ordSkill": 610101, "level": 1, "descript": "\u4e09\u5927\u9b54\u738b\u4e4b\u4e00", "soulrequired": 50, "DexGrowth": 22, "StrGrowth": 30, "WisGrowth": 1}, "15170": {"attrType": 2, "energy": 5, "xy": -1, "baseQuality": 2, "skill": 100019, "id": 15170, "resourceid": 6042, "type": 220000, "maxenergy": 50, "soulcount": 5, "growpet": 15171, "VitGrowth": 22, "coin": 4800, "nickname": "\u58a8\u83f2\u65af\u7279", "icon": 6042, "ordSkill": 610101, "level": 1, "descript": "\u4e09\u5927\u9b54\u738b\u4e4b\u4e00", "soulrequired": 50, "DexGrowth": 26, "StrGrowth": 36, "WisGrowth": 1}, "15171": {"attrType": 2, "energy": 50, "xy": -1, "baseQuality": 3, "skill": 100019, "id": 15171, "resourceid": 6042, "type": 220000, "maxenergy": 500, "soulcount": 5, "growpet": 15172, "VitGrowth": 27, "coin": 16200, "nickname": "\u58a8\u83f2\u65af\u7279", "icon": 6042, "ordSkill": 610101, "level": 1, "descript": "\u4e09\u5927\u9b54\u738b\u4e4b\u4e00", "soulrequired": 50, "DexGrowth": 33, "StrGrowth": 45, "WisGrowth": 1}, "15172": {"attrType": 2, "energy": 100, "xy": -1, "baseQuality": 4, "skill": 100019, "id": 15172, "resourceid": 6042, "type": 220000, "maxenergy": 0, "soulcount": 5, "growpet": 0, "VitGrowth": 36, "coin": 38400, "nickname": "\u58a8\u83f2\u65af\u7279", "icon": 6042, "ordSkill": 610101, "level": 1, "descript": "\u4e09\u5927\u9b54\u738b\u4e4b\u4e00", "soulrequired": 50, "DexGrowth": 44, "StrGrowth": 60, "WisGrowth": 1}, "15177": {"attrType": 3, "energy": 1, "xy": -1, "baseQuality": 1, "skill": 100022, "id": 15177, "resourceid": 6044, "type": 220000, "maxenergy": 5, "soulcount": 5, "growpet": 15178, "VitGrowth": 16, "coin": 600, "nickname": "\u7956\u7956\u5c14", "icon": 6044, "ordSkill": 610101, "level": 1, "descript": "\u6076\u9b54\u7edf\u9886", "soulrequired": 50, "DexGrowth": 38, "StrGrowth": 16, "WisGrowth": 1}, "15178": {"attrType": 3, "energy": 5, "xy": -1, "baseQuality": 2, "skill": 100022, "id": 15178, "resourceid": 6044, "type": 220000, "maxenergy": 50, "soulcount": 5, "growpet": 15179, "VitGrowth": 19, "coin": 4800, "nickname": "\u7956\u7956\u5c14", "icon": 6044, "ordSkill": 610101, "level": 1, "descript": "\u6076\u9b54\u7edf\u9886", "soulrequired": 50, "DexGrowth": 46, "StrGrowth": 19, "WisGrowth": 1}, "15179": {"attrType": 3, "energy": 50, "xy": -1, "baseQuality": 3, "skill": 100022, "id": 15179, "resourceid": 6044, "type": 220000, "maxenergy": 500, "soulcount": 5, "growpet": 15180, "VitGrowth": 24, "coin": 16200, "nickname": "\u7956\u7956\u5c14", "icon": 6044, "ordSkill": 610101, "level": 1, "descript": "\u6076\u9b54\u7edf\u9886", "soulrequired": 50, "DexGrowth": 57, "StrGrowth": 24, "WisGrowth": 1}, "15180": {"attrType": 3, "energy": 100, "xy": -1, "baseQuality": 4, "skill": 100022, "id": 15180, "resourceid": 6044, "type": 220000, "maxenergy": 0, "soulcount": 5, "growpet": 0, "VitGrowth": 32, "coin": 38400, "nickname": "\u7956\u7956\u5c14", "icon": 6044, "ordSkill": 610101, "level": 1, "descript": "\u6076\u9b54\u7edf\u9886", "soulrequired": 50, "DexGrowth": 76, "StrGrowth": 32, "WisGrowth": 1}, "15181": {"attrType": 3, "energy": 1, "xy": -1, "baseQuality": 1, "skill": 100022, "id": 15181, "resourceid": 6045, "type": 220000, "maxenergy": 5, "soulcount": 5, "growpet": 15182, "VitGrowth": 18, "coin": 600, "nickname": "\u5b89\u5854\u5229\u4e9a", "icon": 6045, "ordSkill": 610101, "level": 1, "descript": "\u5973\u63a2\u9669\u5bb6", "soulrequired": 50, "DexGrowth": 36, "StrGrowth": 16, "WisGrowth": 1}, "15182": {"attrType": 3, "energy": 5, "xy": -1, "baseQuality": 2, "skill": 100022, "id": 15182, "resourceid": 6045, "type": 220000, "maxenergy": 50, "soulcount": 5, "growpet": 15183, "VitGrowth": 22, "coin": 4800, "nickname": "\u5b89\u5854\u5229\u4e9a", "icon": 6045, "ordSkill": 610101, "level": 1, "descript": "\u5973\u63a2\u9669\u5bb6", "soulrequired": 50, "DexGrowth": 43, "StrGrowth": 19, "WisGrowth": 1}, "15183": {"attrType": 3, "energy": 50, "xy": -1, "baseQuality": 3, "skill": 100022, "id": 15183, "resourceid": 6045, "type": 220000, "maxenergy": 500, "soulcount": 5, "growpet": 15184, "VitGrowth": 27, "coin": 16200, "nickname": "\u5b89\u5854\u5229\u4e9a", "icon": 6045, "ordSkill": 610101, "level": 1, "descript": "\u5973\u63a2\u9669\u5bb6", "soulrequired": 50, "DexGrowth": 54, "StrGrowth": 24, "WisGrowth": 1}, "15184": {"attrType": 3, "energy": 100, "xy": -1, "baseQuality": 4, "skill": 100022, "id": 15184, "resourceid": 6045, "type": 220000, "maxenergy": 0, "soulcount": 5, "growpet": 0, "VitGrowth": 36, "coin": 38400, "nickname": "\u5b89\u5854\u5229\u4e9a", "icon": 6045, "ordSkill": 610101, "level": 1, "descript": "\u5973\u63a2\u9669\u5bb6", "soulrequired": 50, "DexGrowth": 72, "StrGrowth": 32, "WisGrowth": 1}, "15185": {"attrType": 3, "energy": 1, "xy": -1, "baseQuality": 1, "skill": 100022, "id": 15185, "resourceid": 6046, "type": 220000, "maxenergy": 5, "soulcount": 5, "growpet": 15186, "VitGrowth": 18, "coin": 600, "nickname": "\u674e\u5965\u745e\u514b", "icon": 6046, "ordSkill": 610101, "level": 1, "descript": "\u9ab7\u9ac5\u738b", "soulrequired": 50, "DexGrowth": 36, "StrGrowth": 16, "WisGrowth": 1}, "15186": {"attrType": 3, "energy": 5, "xy": -1, "baseQuality": 2, "skill": 100022, "id": 15186, "resourceid": 6046, "type": 220000, "maxenergy": 50, "soulcount": 5, "growpet": 15187, "VitGrowth": 22, "coin": 4800, "nickname": "\u674e\u5965\u745e\u514b", "icon": 6046, "ordSkill": 610101, "level": 1, "descript": "\u9ab7\u9ac5\u738b", "soulrequired": 50, "DexGrowth": 43, "StrGrowth": 19, "WisGrowth": 1}, "15187": {"attrType": 3, "energy": 50, "xy": -1, "baseQuality": 3, "skill": 100022, "id": 15187, "resourceid": 6046, "type": 220000, "maxenergy": 500, "soulcount": 5, "growpet": 15188, "VitGrowth": 27, "coin": 16200, "nickname": "\u674e\u5965\u745e\u514b", "icon": 6046, "ordSkill": 610101, "level": 1, "descript": "\u9ab7\u9ac5\u738b", "soulrequired": 50, "DexGrowth": 54, "StrGrowth": 24, "WisGrowth": 1}, "15188": {"attrType": 3, "energy": 100, "xy": -1, "baseQuality": 4, "skill": 100022, "id": 15188, "resourceid": 6046, "type": 220000, "maxenergy": 0, "soulcount": 5, "growpet": 0, "VitGrowth": 36, "coin": 38400, "nickname": "\u674e\u5965\u745e\u514b", "icon": 6046, "ordSkill": 610101, "level": 1, "descript": "\u9ab7\u9ac5\u738b", "soulrequired": 50, "DexGrowth": 72, "StrGrowth": 32, "WisGrowth": 1}, "15193": {"attrType": 3, "energy": 1, "xy": -1, "baseQuality": 1, "skill": 100022, "id": 15193, "resourceid": 6048, "type": 220000, "maxenergy": 5, "soulcount": 5, "growpet": 15194, "VitGrowth": 18, "coin": 600, "nickname": "\u52a0\u91cc\u5965", "icon": 6048, "ordSkill": 610101, "level": 1, "descript": "\u55dc\u8840\u6210\u6027\u7684\u534a\u517d\u4eba", "soulrequired": 50, "DexGrowth": 36, "StrGrowth": 16, "WisGrowth": 1}, "15194": {"attrType": 3, "energy": 5, "xy": -1, "baseQuality": 2, "skill": 100022, "id": 15194, "resourceid": 6048, "type": 220000, "maxenergy": 50, "soulcount": 5, "growpet": 15195, "VitGrowth": 22, "coin": 4800, "nickname": "\u52a0\u91cc\u5965", "icon": 6048, "ordSkill": 610101, "level": 1, "descript": "\u55dc\u8840\u6210\u6027\u7684\u534a\u517d\u4eba", "soulrequired": 50, "DexGrowth": 43, "StrGrowth": 19, "WisGrowth": 1}, "15195": {"attrType": 3, "energy": 50, "xy": -1, "baseQuality": 3, "skill": 100022, "id": 15195, "resourceid": 6048, "type": 220000, "maxenergy": 500, "soulcount": 5, "growpet": 15196, "VitGrowth": 27, "coin": 16200, "nickname": "\u52a0\u91cc\u5965", "icon": 6048, "ordSkill": 610101, "level": 1, "descript": "\u55dc\u8840\u6210\u6027\u7684\u534a\u517d\u4eba", "soulrequired": 50, "DexGrowth": 54, "StrGrowth": 24, "WisGrowth": 1}, "15196": {"attrType": 3, "energy": 100, "xy": -1, "baseQuality": 4, "skill": 100022, "id": 15196, "resourceid": 6048, "type": 220000, "maxenergy": 0, "soulcount": 5, "growpet": 0, "VitGrowth": 36, "coin": 38400, "nickname": "\u52a0\u91cc\u5965", "icon": 6048, "ordSkill": 610101, "level": 1, "descript": "\u55dc\u8840\u6210\u6027\u7684\u534a\u517d\u4eba", "soulrequired": 50, "DexGrowth": 72, "StrGrowth": 32, "WisGrowth": 1}, "15197": {"attrType": 3, "energy": 1, "xy": -1, "baseQuality": 1, "skill": 100031, "id": 15197, "resourceid": 6049, "type": 220000, "maxenergy": 5, "soulcount": 5, "growpet": 15198, "VitGrowth": 18, "coin": 600, "nickname": "\u8863\u5352\u5c14", "icon": 6049, "ordSkill": 610101, "level": 1, "descript": "\u5815\u843d\u5929\u4f7f", "soulrequired": 50, "DexGrowth": 30, "StrGrowth": 22, "WisGrowth": 1}, "15198": {"attrType": 3, "energy": 5, "xy": -1, "baseQuality": 2, "skill": 100031, "id": 15198, "resourceid": 6049, "type": 220000, "maxenergy": 50, "soulcount": 5, "growpet": 15199, "VitGrowth": 22, "coin": 4800, "nickname": "\u8863\u5352\u5c14", "icon": 6049, "ordSkill": 610101, "level": 1, "descript": "\u5815\u843d\u5929\u4f7f", "soulrequired": 50, "DexGrowth": 36, "StrGrowth": 26, "WisGrowth": 1}, "15199": {"attrType": 3, "energy": 50, "xy": -1, "baseQuality": 3, "skill": 100031, "id": 15199, "resourceid": 6049, "type": 220000, "maxenergy": 500, "soulcount": 5, "growpet": 15200, "VitGrowth": 27, "coin": 16200, "nickname": "\u8863\u5352\u5c14", "icon": 6049, "ordSkill": 610101, "level": 1, "descript": "\u5815\u843d\u5929\u4f7f", "soulrequired": 50, "DexGrowth": 45, "StrGrowth": 33, "WisGrowth": 1}, "15200": {"attrType": 3, "energy": 100, "xy": -1, "baseQuality": 4, "skill": 100031, "id": 15200, "resourceid": 6049, "type": 220000, "maxenergy": 0, "soulcount": 5, "growpet": 0, "VitGrowth": 36, "coin": 38400, "nickname": "\u8863\u5352\u5c14", "icon": 6049, "ordSkill": 610101, "level": 1, "descript": "\u5815\u843d\u5929\u4f7f", "soulrequired": 50, "DexGrowth": 60, "StrGrowth": 44, "WisGrowth": 1}, "15201": {"attrType": 3, "energy": 1, "xy": -1, "baseQuality": 1, "skill": 100025, "id": 15201, "resourceid": 6050, "type": 220000, "maxenergy": 5, "soulcount": 5, "growpet": 15202, "VitGrowth": 20, "coin": 600, "nickname": "\u5b89\u8fbe\u4e3d\u5c14", "icon": 6050, "ordSkill": 610101, "level": 1, "descript": "\u66fe\u7ecf\u4e5f\u662f\u4e2a\u4fee\u5973", "soulrequired": 50, "DexGrowth": 30, "StrGrowth": 20, "WisGrowth": 1}, "15202": {"attrType": 3, "energy": 5, "xy": -1, "baseQuality": 2, "skill": 100025, "id": 15202, "resourceid": 6050, "type": 220000, "maxenergy": 50, "soulcount": 5, "growpet": 15203, "VitGrowth": 24, "coin": 4800, "nickname": "\u5b89\u8fbe\u4e3d\u5c14", "icon": 6050, "ordSkill": 610101, "level": 1, "descript": "\u66fe\u7ecf\u4e5f\u662f\u4e2a\u4fee\u5973", "soulrequired": 50, "DexGrowth": 36, "StrGrowth": 24, "WisGrowth": 1}, "15203": {"attrType": 3, "energy": 50, "xy": -1, "baseQuality": 3, "skill": 100025, "id": 15203, "resourceid": 6050, "type": 220000, "maxenergy": 500, "soulcount": 5, "growpet": 15204, "VitGrowth": 30, "coin": 16200, "nickname": "\u5b89\u8fbe\u4e3d\u5c14", "icon": 6050, "ordSkill": 610101, "level": 1, "descript": "\u66fe\u7ecf\u4e5f\u662f\u4e2a\u4fee\u5973", "soulrequired": 50, "DexGrowth": 45, "StrGrowth": 30, "WisGrowth": 1}, "15204": {"attrType": 3, "energy": 100, "xy": -1, "baseQuality": 4, "skill": 100025, "id": 15204, "resourceid": 6050, "type": 220000, "maxenergy": 0, "soulcount": 5, "growpet": 0, "VitGrowth": 40, "coin": 38400, "nickname": "\u5b89\u8fbe\u4e3d\u5c14", "icon": 6050, "ordSkill": 610101, "level": 1, "descript": "\u66fe\u7ecf\u4e5f\u662f\u4e2a\u4fee\u5973", "soulrequired": 50, "DexGrowth": 60, "StrGrowth": 40, "WisGrowth": 1}, "15225": {"attrType": 2, "energy": 1, "xy": -1, "baseQuality": 1, "skill": 100031, "id": 15225, "resourceid": 6056, "type": 220000, "maxenergy": 5, "soulcount": 5, "growpet": 15226, "VitGrowth": 20, "coin": 600, "nickname": "\u6ce2\u585e\u51ac", "icon": 6056, "ordSkill": 610101, "level": 1, "descript": "\u6d77\u6d0b\u4e4b\u795e", "soulrequired": 100, "DexGrowth": 18, "StrGrowth": 32, "WisGrowth": 1}, "15226": {"attrType": 2, "energy": 5, "xy": -1, "baseQuality": 2, "skill": 100031, "id": 15226, "resourceid": 6056, "type": 220000, "maxenergy": 50, "soulcount": 5, "growpet": 15227, "VitGrowth": 24, "coin": 4800, "nickname": "\u6ce2\u585e\u51ac", "icon": 6056, "ordSkill": 610101, "level": 1, "descript": "\u6d77\u6d0b\u4e4b\u795e", "soulrequired": 100, "DexGrowth": 22, "StrGrowth": 38, "WisGrowth": 1}, "15227": {"attrType": 2, "energy": 50, "xy": -1, "baseQuality": 3, "skill": 100031, "id": 15227, "resourceid": 6056, "type": 220000, "maxenergy": 500, "soulcount": 5, "growpet": 15228, "VitGrowth": 30, "coin": 16200, "nickname": "\u6ce2\u585e\u51ac", "icon": 6056, "ordSkill": 610101, "level": 1, "descript": "\u6d77\u6d0b\u4e4b\u795e", "soulrequired": 100, "DexGrowth": 27, "StrGrowth": 48, "WisGrowth": 1}, "15228": {"attrType": 2, "energy": 100, "xy": -1, "baseQuality": 4, "skill": 100031, "id": 15228, "resourceid": 6056, "type": 220000, "maxenergy": 0, "soulcount": 5, "growpet": 0, "VitGrowth": 40, "coin": 38400, "nickname": "\u6ce2\u585e\u51ac", "icon": 6056, "ordSkill": 610101, "level": 1, "descript": "\u6d77\u6d0b\u4e4b\u795e", "soulrequired": 100, "DexGrowth": 36, "StrGrowth": 64, "WisGrowth": 1}}