{"42004026": {"skill": 0, "baseHpAdditional": 0, "basePhysicalAttack": 0, "compound": 0, "baseDex": 0, "comprice": 0, "baseSpeed": 0, "growTemp": 0, "baseEffects": "0", "id": 42004026, "buyingRateCoin": 3430, "itemPage": 3, "script": "", "baseWis": 0, "baseSpeedAdditional": 0, "maxexp": 0, "baseCritAdditional": 0, "baseMagicAttack": 0, "type": 0, "baseBlockAdditional": 0, "maxstack": 127, "baseVit": 0, "bodyType": 0, "description": "\u7528\u4e8e\u8bad\u7ec3\u6b66\u5c06\u4e0e\u5408\u6210", "levelRequire": 1, "baseMpAdditional": 0, "baseDodgeAdditional": 0, "useType": 1, "baseMagicDefense": 0, "suiteId": 0, "baseAttack": 0, "attackType": 0, "baseStr": 0, "baseQuality": 1, "icon": 10006, "name": "\u5b88\u62a4\u7b26", "basePhysicalDefense": 0, "canInjection": 0, "ownerexp": 0, "baseDefense": 0, "baseHitAdditional": 0}, "10150001": {"skill": 0, "baseHpAdditional": 0, "basePhysicalAttack": 5, "compound": 0, "baseDex": 0, "comprice": 0, "baseSpeed": 0, "growTemp": 10150003, "baseEffects": "0", "id": 10150001, "buyingRateCoin": 3430, "itemPage": 1, "script": "", "baseWis": 0, "baseSpeedAdditional": 0, "maxexp": 5, "baseCritAdditional": 0, "baseMagicAttack": 0, "type": 2, "baseBlockAdditional": 0, "maxstack": 1, "baseVit": 0, "bodyType": 1, "description": "\u4f20\u8bf4\u4e2d\u7684\u65f6\u5149\u4e4b\u5fc3\u6cd5\u6756", "levelRequire": 1, "baseMpAdditional": 0, "baseDodgeAdditional": 0, "useType": 1, "baseMagicDefense": 0, "suiteId": 0, "baseAttack": 0, "attackType": 0, "baseStr": 0, "baseQuality": 3, "icon": 2, "name": "\u65f6\u5149\u4e4b\u5fc3\u6cd5\u6756", "basePhysicalDefense": 0, "canInjection": 0, "ownerexp": 5, "baseDefense": 0, "baseHitAdditional": 0}, "10150002": {"skill": 0, "baseHpAdditional": 0, "basePhysicalAttack": 5, "compound": 0, "baseDex": 0, "comprice": 0, "baseSpeed": 0, "growTemp": 10150002, "baseEffects": "0", "id": 10150002, "buyingRateCoin": 3430, "itemPage": 1, "script": "", "baseWis": 0, "baseSpeedAdditional": 0, "maxexp": 50, "baseCritAdditional": 0, "baseMagicAttack": 0, "type": 2, "baseBlockAdditional": 0, "maxstack": 1, "baseVit": 0, "bodyType": 1, "description": "\u4f20\u8bf4\u4e2d\u7684\u7834\u574f\u8005\u957f\u5200", "levelRequire": 1, "baseMpAdditional": 0, "baseDodgeAdditional": 0, "useType": 1, "baseMagicDefense": 0, "suiteId": 0, "baseAttack": 0, "attackType": 0, "baseStr": 0, "baseQuality": 4, "icon": 3, "name": "\u7834\u574f\u8005\u957f\u5200", "basePhysicalDefense": 0, "canInjection": 0, "ownerexp": 50, "baseDefense": 0, "baseHitAdditional": 0}, "10150003": {"skill": 0, "baseHpAdditional": 0, "basePhysicalAttack": 5, "compound": 0, "baseDex": 0, "comprice": 0, "baseSpeed": 0, "growTemp": 10150004, "baseEffects": "0", "id": 10150003, "buyingRateCoin": 3430, "itemPage": 1, "script": "", "baseWis": 0, "baseSpeedAdditional": 0, "maxexp": 500, "baseCritAdditional": 0, "baseMagicAttack": 0, "type": 2, "baseBlockAdditional": 0, "maxstack": 1, "baseVit": 0, "bodyType": 1, "description": "\u4f20\u8bf4\u4e2d\u7684\u8352\u91ce\u4e4b\u529b\u6218\u65a7", "levelRequire": 1, "baseMpAdditional": 0, "baseDodgeAdditional": 0, "useType": 1, "baseMagicDefense": 0, "suiteId": 0, "baseAttack": 0, "attackType": 0, "baseStr": 0, "baseQuality": 2, "icon": 1, "name": "\u8352\u91ce\u4e4b\u529b\u6218\u65a7", "basePhysicalDefense": 0, "canInjection": 0, "ownerexp": 100, "baseDefense": 0, "baseHitAdditional": 0}, "10150004": {"skill": 0, "baseHpAdditional": 0, "basePhysicalAttack": 5, "compound": 0, "baseDex": 0, "comprice": 0, "baseSpeed": 0, "growTemp": 0, "baseEffects": "0", "id": 10150004, "buyingRateCoin": 3430, "itemPage": 1, "script": "", "baseWis": 0, "baseSpeedAdditional": 0, "maxexp": 0, "baseCritAdditional": 0, "baseMagicAttack": 0, "type": 2, "baseBlockAdditional": 0, "maxstack": 1, "baseVit": 0, "bodyType": 1, "description": "\u4f20\u8bf4\u4e2d\u7684\u8bdb\u795e\u8005\u4e4b\u5251", "levelRequire": 1, "baseMpAdditional": 0, "baseDodgeAdditional": 0, "useType": 1, "baseMagicDefense": 0, "suiteId": 0, "baseAttack": 0, "attackType": 0, "baseStr": 0, "baseQuality": 4, "icon": 4, "name": "\u8bdb\u795e\u8005\u4e4b\u5251", "basePhysicalDefense": 0, "canInjection": 0, "ownerexp": 1, "baseDefense": 0, "baseHitAdditional": 0}, "10150005": {"skill": 0, "baseHpAdditional": 10, "basePhysicalAttack": 0, "compound": 0, "baseDex": 0, "comprice": 0, "baseSpeed": 0, "growTemp": 10150006, "baseEffects": "0", "id": 10150005, "buyingRateCoin": 3430, "itemPage": 1, "script": "", "baseWis": 0, "baseSpeedAdditional": 0, "maxexp": 5, "baseCritAdditional": 0, "baseMagicAttack": 0, "type": 2, "baseBlockAdditional": 0, "maxstack": 1, "baseVit": 0, "bodyType": 2, "description": "\u4f20\u8bf4\u4e2d\u7684\u8352\u91ce\u4e4b\u529b\u6218\u7532", "levelRequire": 1, "baseMpAdditional": 0, "baseDodgeAdditional": 0, "useType": 1, "baseMagicDefense": 0, "suiteId": 0, "baseAttack": 0, "attackType": 0, "baseStr": 0, "baseQuality": 2, "icon": 17, "name": "\u8352\u91ce\u4e4b\u529b\u6218\u7532", "basePhysicalDefense": 0, "canInjection": 0, "ownerexp": 5, "baseDefense": 0, "baseHitAdditional": 0}, "10150006": {"skill": 0, "baseHpAdditional": 10, "basePhysicalAttack": 0, "compound": 0, "baseDex": 0, "comprice": 0, "baseSpeed": 0, "growTemp": 10150007, "baseEffects": "0", "id": 10150006, "buyingRateCoin": 3430, "itemPage": 1, "script": "", "baseWis": 0, "baseSpeedAdditional": 0, "maxexp": 50, "baseCritAdditional": 0, "baseMagicAttack": 0, "type": 2, "baseBlockAdditional": 0, "maxstack": 1, "baseVit": 0, "bodyType": 2, "description": "\u4f20\u8bf4\u4e2d\u7684\u65f6\u5149\u4e4b\u5fc3\u6218\u7532", "levelRequire": 1, "baseMpAdditional": 0, "baseDodgeAdditional": 0, "useType": 1, "baseMagicDefense": 0, "suiteId": 0, "baseAttack": 0, "attackType": 0, "baseStr": 0, "baseQuality": 1, "icon": 18, "name": "\u65f6\u5149\u4e4b\u5fc3\u6218\u7532", "basePhysicalDefense": 0, "canInjection": 0, "ownerexp": 50, "baseDefense": 0, "baseHitAdditional": 0}, "10150007": {"skill": 0, "baseHpAdditional": 10, "basePhysicalAttack": 0, "compound": 0, "baseDex": 0, "comprice": 0, "baseSpeed": 0, "growTemp": 10150008, "baseEffects": "0", "id": 10150007, "buyingRateCoin": 3430, "itemPage": 1, "script": "", "baseWis": 0, "baseSpeedAdditional": 0, "maxexp": 500, "baseCritAdditional": 0, "baseMagicAttack": 0, "type": 2, "baseBlockAdditional": 0, "maxstack": 1, "baseVit": 0, "bodyType": 2, "description": "\u4f20\u8bf4\u4e2d\u7684\u7834\u574f\u8005\u6218\u7532", "levelRequire": 1, "baseMpAdditional": 0, "baseDodgeAdditional": 0, "useType": 1, "baseMagicDefense": 0, "suiteId": 0, "baseAttack": 0, "attackType": 0, "baseStr": 0, "baseQuality": 4, "icon": 19, "name": "\u7834\u574f\u8005\u6218\u7532", "basePhysicalDefense": 0, "canInjection": 0, "ownerexp": 100, "baseDefense": 0, "baseHitAdditional": 0}, "10150008": {"skill": 0, "baseHpAdditional": 10, "basePhysicalAttack": 0, "compound": 0, "baseDex": 0, "comprice": 0, "baseSpeed": 0, "growTemp": 0, "baseEffects": "0", "id": 10150008, "buyingRateCoin": 3430, "itemPage": 1, "script": "", "baseWis": 0, "baseSpeedAdditional": 0, "maxexp": 0, "baseCritAdditional": 0, "baseMagicAttack": 0, "type": 2, "baseBlockAdditional": 0, "maxstack": 1, "baseVit": 0, "bodyType": 2, "description": "\u4f20\u8bf4\u4e2d\u7684\u8bdb\u795e\u8005\u6218\u7532", "levelRequire": 1, "baseMpAdditional": 0, "baseDodgeAdditional": 0, "useType": 1, "baseMagicDefense": 0, "suiteId": 0, "baseAttack": 0, "attackType": 0, "baseStr": 0, "baseQuality": 4, "icon": 20, "name": "\u8bdb\u795e\u8005\u6218\u7532", "basePhysicalDefense": 0, "canInjection": 0, "ownerexp": 1, "baseDefense": 0, "baseHitAdditional": 0}, "10150009": {"skill": 0, "baseHpAdditional": 0, "basePhysicalAttack": 0, "compound": 0, "baseDex": 0, "comprice": 0, "baseSpeed": 0, "growTemp": 10150010, "baseEffects": "0", "id": 10150009, "buyingRateCoin": 3430, "itemPage": 1, "script": "", "baseWis": 0, "baseSpeedAdditional": 0, "maxexp": 5, "baseCritAdditional": 0, "baseMagicAttack": 0, "type": 2, "baseBlockAdditional": 0, "maxstack": 1, "baseVit": 0, "bodyType": 4, "description": "\u4f20\u8bf4\u4e2d\u7684\u8352\u91ce\u4e4b\u529b\u62a4\u817f", "levelRequire": 1, "baseMpAdditional": 0, "baseDodgeAdditional": 0, "useType": 1, "baseMagicDefense": 0, "suiteId": 0, "baseAttack": 0, "attackType": 0, "baseStr": 0, "baseQuality": 1, "icon": 13, "name": "\u8352\u91ce\u4e4b\u529b\u62a4\u817f", "basePhysicalDefense": 1, "canInjection": 0, "ownerexp": 5, "baseDefense": 0, "baseHitAdditional": 0}, "10150010": {"skill": 0, "baseHpAdditional": 0, "basePhysicalAttack": 0, "compound": 0, "baseDex": 0, "comprice": 0, "baseSpeed": 0, "growTemp": 10150011, "baseEffects": "0", "id": 10150010, "buyingRateCoin": 3430, "itemPage": 1, "script": "", "baseWis": 0, "baseSpeedAdditional": 0, "maxexp": 50, "baseCritAdditional": 0, "baseMagicAttack": 0, "type": 2, "baseBlockAdditional": 0, "maxstack": 1, "baseVit": 0, "bodyType": 4, "description": "\u4f20\u8bf4\u4e2d\u7684\u65f6\u5149\u4e4b\u5fc3\u62a4\u817f", "levelRequire": 1, "baseMpAdditional": 0, "baseDodgeAdditional": 0, "useType": 1, "baseMagicDefense": 0, "suiteId": 0, "baseAttack": 0, "attackType": 0, "baseStr": 0, "baseQuality": 2, "icon": 14, "name": "\u65f6\u5149\u4e4b\u5fc3\u62a4\u817f", "basePhysicalDefense": 1, "canInjection": 0, "ownerexp": 50, "baseDefense": 0, "baseHitAdditional": 0}, "10150011": {"skill": 0, "baseHpAdditional": 0, "basePhysicalAttack": 0, "compound": 0, "baseDex": 0, "comprice": 0, "baseSpeed": 0, "growTemp": 10150012, "baseEffects": "0", "id": 10150011, "buyingRateCoin": 3430, "itemPage": 1, "script": "", "baseWis": 0, "baseSpeedAdditional": 0, "maxexp": 500, "baseCritAdditional": 0, "baseMagicAttack": 0, "type": 2, "baseBlockAdditional": 0, "maxstack": 1, "baseVit": 0, "bodyType": 4, "description": "\u4f20\u8bf4\u4e2d\u7684\u7834\u574f\u8005\u62a4\u817f", "levelRequire": 1, "baseMpAdditional": 0, "baseDodgeAdditional": 0, "useType": 1, "baseMagicDefense": 0, "suiteId": 0, "baseAttack": 0, "attackType": 0, "baseStr": 0, "baseQuality": 4, "icon": 15, "name": "\u7834\u574f\u8005\u62a4\u817f", "basePhysicalDefense": 1, "canInjection": 0, "ownerexp": 100, "baseDefense": 0, "baseHitAdditional": 0}, "10150012": {"skill": 0, "baseHpAdditional": 0, "basePhysicalAttack": 0, "compound": 0, "baseDex": 0, "comprice": 0, "baseSpeed": 0, "growTemp": 0, "baseEffects": "0", "id": 10150012, "buyingRateCoin": 3430, "itemPage": 1, "script": "", "baseWis": 0, "baseSpeedAdditional": 0, "maxexp": 0, "baseCritAdditional": 0, "baseMagicAttack": 0, "type": 2, "baseBlockAdditional": 0, "maxstack": 1, "baseVit": 0, "bodyType": 4, "description": "\u4f20\u8bf4\u4e2d\u7684\u8bdb\u795e\u8005\u62a4\u817f", "levelRequire": 1, "baseMpAdditional": 0, "baseDodgeAdditional": 0, "useType": 1, "baseMagicDefense": 0, "suiteId": 0, "baseAttack": 0, "attackType": 0, "baseStr": 0, "baseQuality": 4, "icon": 16, "name": "\u8bdb\u795e\u8005\u62a4\u817f", "basePhysicalDefense": 1, "canInjection": 0, "ownerexp": 1, "baseDefense": 0, "baseHitAdditional": 0}, "10150013": {"skill": 0, "baseHpAdditional": 0, "basePhysicalAttack": 0, "compound": 0, "baseDex": 0, "comprice": 0, "baseSpeed": 0, "growTemp": 10150014, "baseEffects": "0", "id": 10150013, "buyingRateCoin": 3430, "itemPage": 1, "script": "", "baseWis": 0, "baseSpeedAdditional": 0, "maxexp": 5, "baseCritAdditional": 0, "baseMagicAttack": 0, "type": 2, "baseBlockAdditional": 0, "maxstack": 1, "baseVit": 0, "bodyType": 5, "description": "\u4f20\u8bf4\u4e2d\u7684\u8352\u91ce\u4e4b\u529b\u9879\u94fe", "levelRequire": 1, "baseMpAdditional": 0, "baseDodgeAdditional": 1, "useType": 1, "baseMagicDefense": 0, "suiteId": 0, "baseAttack": 0, "attackType": 0, "baseStr": 0, "baseQuality": 1, "icon": 9, "name": "\u8352\u91ce\u4e4b\u529b\u9879\u94fe", "basePhysicalDefense": 0, "canInjection": 0, "ownerexp": 5, "baseDefense": 0, "baseHitAdditional": 0}, "10150014": {"skill": 0, "baseHpAdditional": 0, "basePhysicalAttack": 0, "compound": 0, "baseDex": 0, "comprice": 0, "baseSpeed": 0, "growTemp": 10150015, "baseEffects": "0", "id": 10150014, "buyingRateCoin": 3430, "itemPage": 1, "script": "", "baseWis": 0, "baseSpeedAdditional": 0, "maxexp": 50, "baseCritAdditional": 0, "baseMagicAttack": 0, "type": 2, "baseBlockAdditional": 0, "maxstack": 1, "baseVit": 0, "bodyType": 5, "description": "\u4f20\u8bf4\u4e2d\u7684\u65f6\u5149\u4e4b\u5fc3\u9879\u94fe", "levelRequire": 1, "baseMpAdditional": 0, "baseDodgeAdditional": 1, "useType": 1, "baseMagicDefense": 0, "suiteId": 0, "baseAttack": 0, "attackType": 0, "baseStr": 0, "baseQuality": 2, "icon": 10, "name": "\u65f6\u5149\u4e4b\u5fc3\u9879\u94fe", "basePhysicalDefense": 0, "canInjection": 0, "ownerexp": 50, "baseDefense": 0, "baseHitAdditional": 0}, "10150015": {"skill": 0, "baseHpAdditional": 0, "basePhysicalAttack": 0, "compound": 0, "baseDex": 0, "comprice": 0, "baseSpeed": 0, "growTemp": 10150016, "baseEffects": "0", "id": 10150015, "buyingRateCoin": 3430, "itemPage": 1, "script": "", "baseWis": 0, "baseSpeedAdditional": 0, "maxexp": 500, "baseCritAdditional": 0, "baseMagicAttack": 0, "type": 2, "baseBlockAdditional": 0, "maxstack": 1, "baseVit": 0, "bodyType": 5, "description": "\u4f20\u8bf4\u4e2d\u7684\u7834\u574f\u8005\u9879\u94fe", "levelRequire": 1, "baseMpAdditional": 0, "baseDodgeAdditional": 1, "useType": 1, "baseMagicDefense": 0, "suiteId": 0, "baseAttack": 0, "attackType": 0, "baseStr": 0, "baseQuality": 4, "icon": 11, "name": "\u7834\u574f\u8005\u9879\u94fe", "basePhysicalDefense": 0, "canInjection": 0, "ownerexp": 100, "baseDefense": 0, "baseHitAdditional": 0}, "10150016": {"skill": 0, "baseHpAdditional": 0, "basePhysicalAttack": 0, "compound": 0, "baseDex": 0, "comprice": 0, "baseSpeed": 0, "growTemp": 0, "baseEffects": "0", "id": 10150016, "buyingRateCoin": 3430, "itemPage": 1, "script": "", "baseWis": 0, "baseSpeedAdditional": 0, "maxexp": 0, "baseCritAdditional": 0, "baseMagicAttack": 0, "type": 2, "baseBlockAdditional": 0, "maxstack": 1, "baseVit": 0, "bodyType": 5, "description": "\u4f20\u8bf4\u4e2d\u7684\u8bdb\u795e\u8005\u9879\u94fe", "levelRequire": 1, "baseMpAdditional": 0, "baseDodgeAdditional": 1, "useType": 1, "baseMagicDefense": 0, "suiteId": 0, "baseAttack": 0, "attackType": 0, "baseStr": 0, "baseQuality": 4, "icon": 12, "name": "\u8bdb\u795e\u8005\u9879\u94fe", "basePhysicalDefense": 0, "canInjection": 0, "ownerexp": 1, "baseDefense": 0, "baseHitAdditional": 0}, "10150017": {"skill": 0, "baseHpAdditional": 0, "basePhysicalAttack": 0, "compound": 0, "baseDex": 0, "comprice": 0, "baseSpeed": 0, "growTemp": 10150018, "baseEffects": "0", "id": 10150017, "buyingRateCoin": 3430, "itemPage": 1, "script": "", "baseWis": 0, "baseSpeedAdditional": 0, "maxexp": 5, "baseCritAdditional": 1, "baseMagicAttack": 0, "type": 2, "baseBlockAdditional": 0, "maxstack": 1, "baseVit": 0, "bodyType": 3, "description": "\u4f20\u8bf4\u4e2d\u7684\u8352\u91ce\u4e4b\u529b\u624b\u5957", "levelRequire": 1, "baseMpAdditional": 0, "baseDodgeAdditional": 0, "useType": 1, "baseMagicDefense": 0, "suiteId": 0, "baseAttack": 0, "attackType": 0, "baseStr": 0, "baseQuality": 1, "icon": 5, "name": "\u8352\u91ce\u4e4b\u529b\u624b\u5957", "basePhysicalDefense": 0, "canInjection": 0, "ownerexp": 5, "baseDefense": 0, "baseHitAdditional": 0}, "10150018": {"skill": 0, "baseHpAdditional": 0, "basePhysicalAttack": 0, "compound": 0, "baseDex": 0, "comprice": 0, "baseSpeed": 0, "growTemp": 10150019, "baseEffects": "0", "id": 10150018, "buyingRateCoin": 3430, "itemPage": 1, "script": "", "baseWis": 0, "baseSpeedAdditional": 0, "maxexp": 50, "baseCritAdditional": 1, "baseMagicAttack": 0, "type": 2, "baseBlockAdditional": 0, "maxstack": 1, "baseVit": 0, "bodyType": 3, "description": "\u4f20\u8bf4\u4e2d\u7684\u65f6\u5149\u4e4b\u5fc3\u624b\u5957", "levelRequire": 1, "baseMpAdditional": 0, "baseDodgeAdditional": 0, "useType": 1, "baseMagicDefense": 0, "suiteId": 0, "baseAttack": 0, "attackType": 0, "baseStr": 0, "baseQuality": 2, "icon": 6, "name": "\u65f6\u5149\u4e4b\u5fc3\u624b\u5957", "basePhysicalDefense": 0, "canInjection": 0, "ownerexp": 50, "baseDefense": 0, "baseHitAdditional": 0}, "10150019": {"skill": 0, "baseHpAdditional": 0, "basePhysicalAttack": 0, "compound": 0, "baseDex": 0, "comprice": 0, "baseSpeed": 0, "growTemp": 10150020, "baseEffects": "0", "id": 10150019, "buyingRateCoin": 3430, "itemPage": 1, "script": "", "baseWis": 0, "baseSpeedAdditional": 0, "maxexp": 500, "baseCritAdditional": 1, "baseMagicAttack": 0, "type": 2, "baseBlockAdditional": 0, "maxstack": 1, "baseVit": 0, "bodyType": 3, "description": "\u4f20\u8bf4\u4e2d\u7684\u7834\u574f\u8005\u624b\u5957", "levelRequire": 1, "baseMpAdditional": 0, "baseDodgeAdditional": 0, "useType": 1, "baseMagicDefense": 0, "suiteId": 0, "baseAttack": 0, "attackType": 0, "baseStr": 0, "baseQuality": 4, "icon": 7, "name": "\u7834\u574f\u8005\u624b\u5957", "basePhysicalDefense": 0, "canInjection": 0, "ownerexp": 100, "baseDefense": 0, "baseHitAdditional": 0}, "10150020": {"skill": 0, "baseHpAdditional": 0, "basePhysicalAttack": 0, "compound": 0, "baseDex": 0, "comprice": 0, "baseSpeed": 0, "growTemp": 0, "baseEffects": "0", "id": 10150020, "buyingRateCoin": 3430, "itemPage": 1, "script": "", "baseWis": 0, "baseSpeedAdditional": 0, "maxexp": 0, "baseCritAdditional": 1, "baseMagicAttack": 0, "type": 2, "baseBlockAdditional": 0, "maxstack": 1, "baseVit": 0, "bodyType": 3, "description": "\u4f20\u8bf4\u4e2d\u7684\u8bdb\u795e\u8005\u624b\u5957", "levelRequire": 1, "baseMpAdditional": 0, "baseDodgeAdditional": 0, "useType": 1, "baseMagicDefense": 0, "suiteId": 0, "baseAttack": 0, "attackType": 0, "baseStr": 0, "baseQuality": 4, "icon": 8, "name": "\u8bdb\u795e\u8005\u624b\u5957", "basePhysicalDefense": 0, "canInjection": 0, "ownerexp": 0, "baseDefense": 0, "baseHitAdditional": 0}, "51000001": {"skill": 0, "baseHpAdditional": 0, "basePhysicalAttack": 0, "compound": 0, "baseDex": 0, "comprice": 0, "baseSpeed": 0, "growTemp": 0, "baseEffects": "0", "id": 51000001, "buyingRateCoin": 3430, "itemPage": 3, "script": "self._owner.pet.openRandEgg([(15004,10000)],15003)", "baseWis": 0, "baseSpeedAdditional": 0, "maxexp": 0, "baseCritAdditional": 0, "baseMagicAttack": 0, "type": 1, "baseBlockAdditional": 0, "maxstack": 1, "baseVit": 0, "bodyType": 0, "description": "\u5f00\u542f\u83b7\u5f97\u84dd\u8272\u6216\u7d2b\u8272\u963f\u5361\u62c9", "levelRequire": 1, "baseMpAdditional": 0, "baseDodgeAdditional": 0, "useType": 1, "baseMagicDefense": 0, "suiteId": 0, "baseAttack": 0, "attackType": 0, "baseStr": 0, "baseQuality": 1, "icon": 21, "name": "\u963f\u5361\u62c9\u4e4b\u76d2", "basePhysicalDefense": 0, "canInjection": 0, "ownerexp": 0, "baseDefense": 0, "baseHitAdditional": 0}, "51000002": {"skill": 0, "baseHpAdditional": 0, "basePhysicalAttack": 0, "compound": 0, "baseDex": 0, "comprice": 0, "baseSpeed": 0, "growTemp": 0, "baseEffects": "0", "id": 51000002, "buyingRateCoin": 3430, "itemPage": 3, "script": "self._owner.pet.openRandEgg([(15008,10000)],15007)", "baseWis": 0, "baseSpeedAdditional": 0, "maxexp": 0, "baseCritAdditional": 0, "baseMagicAttack": 0, "type": 1, "baseBlockAdditional": 0, "maxstack": 1, "baseVit": 0, "bodyType": 0, "description": "\u5f00\u542f\u83b7\u5f97\u84dd\u8272\u6216\u7d2b\u8272\u7a46\u9c81", "levelRequire": 1, "baseMpAdditional": 0, "baseDodgeAdditional": 0, "useType": 1, "baseMagicDefense": 0, "suiteId": 0, "baseAttack": 0, "attackType": 0, "baseStr": 0, "baseQuality": 1, "icon": 21, "name": "\u7a46\u9c81\u4e4b\u76d2", "basePhysicalDefense": 0, "canInjection": 0, "ownerexp": 0, "baseDefense": 0, "baseHitAdditional": 0}, "51000003": {"skill": 0, "baseHpAdditional": 0, "basePhysicalAttack": 0, "compound": 0, "baseDex": 0, "comprice": 0, "baseSpeed": 0, "growTemp": 0, "baseEffects": "0", "id": 51000003, "buyingRateCoin": 3430, "itemPage": 3, "script": "self._owner.pet.openRandEgg([(15012,10000)],15011)", "baseWis": 0, "baseSpeedAdditional": 0, "maxexp": 0, "baseCritAdditional": 0, "baseMagicAttack": 0, "type": 1, "baseBlockAdditional": 0, "maxstack": 1, "baseVit": 0, "bodyType": 0, "description": "\u5f00\u542f\u83b7\u5f97\u84dd\u8272\u6216\u7d2b\u8272\u68ee", "levelRequire": 1, "baseMpAdditional": 0, "baseDodgeAdditional": 0, "useType": 1, "baseMagicDefense": 0, "suiteId": 0, "baseAttack": 0, "attackType": 0, "baseStr": 0, "baseQuality": 1, "icon": 21, "name": "\u68ee\u4e4b\u76d2", "basePhysicalDefense": 0, "canInjection": 0, "ownerexp": 0, "baseDefense": 0, "baseHitAdditional": 0}, "51000004": {"skill": 0, "baseHpAdditional": 0, "basePhysicalAttack": 0, "compound": 0, "baseDex": 0, "comprice": 0, "baseSpeed": 0, "growTemp": 0, "baseEffects": "0", "id": 51000004, "buyingRateCoin": 3430, "itemPage": 3, "script": "self._owner.pet.openRandEgg([(15016,10000)],15015)", "baseWis": 0, "baseSpeedAdditional": 0, "maxexp": 0, "baseCritAdditional": 0, "baseMagicAttack": 0, "type": 1, "baseBlockAdditional": 0, "maxstack": 1, "baseVit": 0, "bodyType": 0, "description": "\u5f00\u542f\u83b7\u5f97\u84dd\u8272\u6216\u7d2b\u8272\u5854\u5a1c", "levelRequire": 1, "baseMpAdditional": 0, "baseDodgeAdditional": 0, "useType": 1, "baseMagicDefense": 0, "suiteId": 0, "baseAttack": 0, "attackType": 0, "baseStr": 0, "baseQuality": 1, "icon": 21, "name": "\u5854\u5a1c\u4e4b\u76d2", "basePhysicalDefense": 0, "canInjection": 0, "ownerexp": 0, "baseDefense": 0, "baseHitAdditional": 0}, "51000005": {"skill": 0, "baseHpAdditional": 0, "basePhysicalAttack": 0, "compound": 0, "baseDex": 0, "comprice": 0, "baseSpeed": 0, "growTemp": 0, "baseEffects": "0", "id": 51000005, "buyingRateCoin": 3430, "itemPage": 3, "script": "self._owner.pet.openRandEgg([(15020,10000)],15019)", "baseWis": 0, "baseSpeedAdditional": 0, "maxexp": 0, "baseCritAdditional": 0, "baseMagicAttack": 0, "type": 1, "baseBlockAdditional": 0, "maxstack": 1, "baseVit": 0, "bodyType": 0, "description": "\u5f00\u542f\u83b7\u5f97\u84dd\u8272\u6216\u7d2b\u8272\u9c81\u683c", "levelRequire": 1, "baseMpAdditional": 0, "baseDodgeAdditional": 0, "useType": 1, "baseMagicDefense": 0, "suiteId": 0, "baseAttack": 0, "attackType": 0, "baseStr": 0, "baseQuality": 1, "icon": 21, "name": "\u9c81\u683c\u4e4b\u76d2", "basePhysicalDefense": 0, "canInjection": 0, "ownerexp": 0, "baseDefense": 0, "baseHitAdditional": 0}, "51000008": {"skill": 0, "baseHpAdditional": 0, "basePhysicalAttack": 0, "compound": 0, "baseDex": 0, "comprice": 0, "baseSpeed": 0, "growTemp": 0, "baseEffects": "0", "id": 51000008, "buyingRateCoin": 3430, "itemPage": 3, "script": "self._owner.pet.openRandEgg([(15032,10000)],15031)", "baseWis": 0, "baseSpeedAdditional": 0, "maxexp": 0, "baseCritAdditional": 0, "baseMagicAttack": 0, "type": 1, "baseBlockAdditional": 0, "maxstack": 1, "baseVit": 0, "bodyType": 0, "description": "\u5f00\u542f\u83b7\u5f97\u84dd\u8272\u6216\u7d2b\u8272\u7ef4\u9c81\u65af", "levelRequire": 1, "baseMpAdditional": 0, "baseDodgeAdditional": 0, "useType": 1, "baseMagicDefense": 0, "suiteId": 0, "baseAttack": 0, "attackType": 0, "baseStr": 0, "baseQuality": 1, "icon": 21, "name": "\u7ef4\u9c81\u65af\u4e4b\u76d2", "basePhysicalDefense": 0, "canInjection": 0, "ownerexp": 0, "baseDefense": 0, "baseHitAdditional": 0}, "51000013": {"skill": 0, "baseHpAdditional": 0, "basePhysicalAttack": 0, "compound": 0, "baseDex": 0, "comprice": 0, "baseSpeed": 0, "growTemp": 0, "baseEffects": "0", "id": 51000013, "buyingRateCoin": 3430, "itemPage": 3, "script": "self._owner.pet.openRandEgg([(15052,10000)],15051)", "baseWis": 0, "baseSpeedAdditional": 0, "maxexp": 0, "baseCritAdditional": 0, "baseMagicAttack": 0, "type": 1, "baseBlockAdditional": 0, "maxstack": 1, "baseVit": 0, "bodyType": 0, "description": "\u5f00\u542f\u83b7\u5f97\u84dd\u8272\u6216\u7d2b\u8272\u6770\u521a", "levelRequire": 1, "baseMpAdditional": 0, "baseDodgeAdditional": 0, "useType": 1, "baseMagicDefense": 0, "suiteId": 0, "baseAttack": 0, "attackType": 0, "baseStr": 0, "baseQuality": 1, "icon": 21, "name": "\u6770\u521a\u4e4b\u76d2", "basePhysicalDefense": 0, "canInjection": 0, "ownerexp": 0, "baseDefense": 0, "baseHitAdditional": 0}, "51000014": {"skill": 0, "baseHpAdditional": 0, "basePhysicalAttack": 0, "compound": 0, "baseDex": 0, "comprice": 0, "baseSpeed": 0, "growTemp": 0, "baseEffects": "0", "id": 51000014, "buyingRateCoin": 3430, "itemPage": 3, "script": "self._owner.pet.openRandEgg([(15056,10000)],15055)", "baseWis": 0, "baseSpeedAdditional": 0, "maxexp": 0, "baseCritAdditional": 0, "baseMagicAttack": 0, "type": 1, "baseBlockAdditional": 0, "maxstack": 1, "baseVit": 0, "bodyType": 0, "description": "\u5f00\u542f\u83b7\u5f97\u84dd\u8272\u6216\u7d2b\u8272\u5973\u4f2f\u7235", "levelRequire": 1, "baseMpAdditional": 0, "baseDodgeAdditional": 0, "useType": 1, "baseMagicDefense": 0, "suiteId": 0, "baseAttack": 0, "attackType": 0, "baseStr": 0, "baseQuality": 1, "icon": 21, "name": "\u5973\u4f2f\u7235\u4e4b\u76d2", "basePhysicalDefense": 0, "canInjection": 0, "ownerexp": 0, "baseDefense": 0, "baseHitAdditional": 0}, "51000015": {"skill": 0, "baseHpAdditional": 0, "basePhysicalAttack": 0, "compound": 0, "baseDex": 0, "comprice": 0, "baseSpeed": 0, "growTemp": 0, "baseEffects": "0", "id": 51000015, "buyingRateCoin": 3430, "itemPage": 3, "script": "self._owner.pet.openRandEgg([(15060,10000)],15059)", "baseWis": 0, "baseSpeedAdditional": 0, "maxexp": 0, "baseCritAdditional": 0, "baseMagicAttack": 0, "type": 1, "baseBlockAdditional": 0, "maxstack": 1, "baseVit": 0, "bodyType": 0, "description": "\u5f00\u542f\u83b7\u5f97\u84dd\u8272\u6216\u7d2b\u8272\u6cf0\u745e\u5c14", "levelRequire": 1, "baseMpAdditional": 0, "baseDodgeAdditional": 0, "useType": 1, "baseMagicDefense": 0, "suiteId": 0, "baseAttack": 0, "attackType": 0, "baseStr": 0, "baseQuality": 1, "icon": 21, "name": "\u6cf0\u745e\u5c14\u4e4b\u76d2", "basePhysicalDefense": 0, "canInjection": 0, "ownerexp": 0, "baseDefense": 0, "baseHitAdditional": 0}, "51000017": {"skill": 0, "baseHpAdditional": 0, "basePhysicalAttack": 0, "compound": 0, "baseDex": 0, "comprice": 0, "baseSpeed": 0, "growTemp": 0, "baseEffects": "0", "id": 51000017, "buyingRateCoin": 3430, "itemPage": 3, "script": "self._owner.pet.openRandEgg([(15068,10000)],15067)", "baseWis": 0, "baseSpeedAdditional": 0, "maxexp": 0, "baseCritAdditional": 0, "baseMagicAttack": 0, "type": 1, "baseBlockAdditional": 0, "maxstack": 1, "baseVit": 0, "bodyType": 0, "description": "\u5f00\u542f\u83b7\u5f97\u84dd\u8272\u6216\u7d2b\u8272\u51ef\u6069", "levelRequire": 1, "baseMpAdditional": 0, "baseDodgeAdditional": 0, "useType": 1, "baseMagicDefense": 0, "suiteId": 0, "baseAttack": 0, "attackType": 0, "baseStr": 0, "baseQuality": 1, "icon": 21, "name": "\u51ef\u6069\u4e4b\u76d2", "basePhysicalDefense": 0, "canInjection": 0, "ownerexp": 0, "baseDefense": 0, "baseHitAdditional": 0}, "51000024": {"skill": 0, "baseHpAdditional": 0, "basePhysicalAttack": 0, "compound": 0, "baseDex": 0, "comprice": 0, "baseSpeed": 0, "growTemp": 0, "baseEffects": "0", "id": 51000024, "buyingRateCoin": 3430, "itemPage": 3, "script": "self._owner.pet.openRandEgg([(15096,10000)],15095)", "baseWis": 0, "baseSpeedAdditional": 0, "maxexp": 0, "baseCritAdditional": 0, "baseMagicAttack": 0, "type": 1, "baseBlockAdditional": 0, "maxstack": 1, "baseVit": 0, "bodyType": 0, "description": "\u5f00\u542f\u83b7\u5f97\u84dd\u8272\u6216\u7d2b\u8272\u6770\u62c9", "levelRequire": 1, "baseMpAdditional": 0, "baseDodgeAdditional": 0, "useType": 1, "baseMagicDefense": 0, "suiteId": 0, "baseAttack": 0, "attackType": 0, "baseStr": 0, "baseQuality": 1, "icon": 21, "name": "\u6770\u62c9\u4e4b\u76d2", "basePhysicalDefense": 0, "canInjection": 0, "ownerexp": 0, "baseDefense": 0, "baseHitAdditional": 0}, "51000025": {"skill": 0, "baseHpAdditional": 0, "basePhysicalAttack": 0, "compound": 0, "baseDex": 0, "comprice": 0, "baseSpeed": 0, "growTemp": 0, "baseEffects": "0", "id": 51000025, "buyingRateCoin": 3430, "itemPage": 3, "script": "self._owner.pet.openRandEgg([(15100,10000)],15099)", "baseWis": 0, "baseSpeedAdditional": 0, "maxexp": 0, "baseCritAdditional": 0, "baseMagicAttack": 0, "type": 1, "baseBlockAdditional": 0, "maxstack": 1, "baseVit": 0, "bodyType": 0, "description": "\u5f00\u542f\u83b7\u5f97\u84dd\u8272\u6216\u7d2b\u8272\u5965\u62c9\u592b", "levelRequire": 1, "baseMpAdditional": 0, "baseDodgeAdditional": 0, "useType": 1, "baseMagicDefense": 0, "suiteId": 0, "baseAttack": 0, "attackType": 0, "baseStr": 0, "baseQuality": 1, "icon": 21, "name": "\u5965\u62c9\u592b\u4e4b\u76d2", "basePhysicalDefense": 0, "canInjection": 0, "ownerexp": 0, "baseDefense": 0, "baseHitAdditional": 0}, "51000030": {"skill": 0, "baseHpAdditional": 0, "basePhysicalAttack": 0, "compound": 0, "baseDex": 0, "comprice": 0, "baseSpeed": 0, "growTemp": 0, "baseEffects": "0", "id": 51000030, "buyingRateCoin": 3430, "itemPage": 3, "script": "self._owner.pet.openRandEgg([(15120,10000)],15119)", "baseWis": 0, "baseSpeedAdditional": 0, "maxexp": 0, "baseCritAdditional": 0, "baseMagicAttack": 0, "type": 1, "baseBlockAdditional": 0, "maxstack": 1, "baseVit": 0, "bodyType": 0, "description": "\u5f00\u542f\u83b7\u5f97\u84dd\u8272\u6216\u7d2b\u8272\u5c3c\u5965\u51ef", "levelRequire": 1, "baseMpAdditional": 0, "baseDodgeAdditional": 0, "useType": 1, "baseMagicDefense": 0, "suiteId": 0, "baseAttack": 0, "attackType": 0, "baseStr": 0, "baseQuality": 1, "icon": 21, "name": "\u5c3c\u5965\u51ef\u4e4b\u76d2", "basePhysicalDefense": 0, "canInjection": 0, "ownerexp": 0, "baseDefense": 0, "baseHitAdditional": 0}, "51000034": {"skill": 0, "baseHpAdditional": 0, "basePhysicalAttack": 0, "compound": 0, "baseDex": 0, "comprice": 0, "baseSpeed": 0, "growTemp": 0, "baseEffects": "0", "id": 51000034, "buyingRateCoin": 3430, "itemPage": 3, "script": "self._owner.pet.openRandEgg([(15136,10000)],15135)", "baseWis": 0, "baseSpeedAdditional": 0, "maxexp": 0, "baseCritAdditional": 0, "baseMagicAttack": 0, "type": 1, "baseBlockAdditional": 0, "maxstack": 1, "baseVit": 0, "bodyType": 0, "description": "\u5f00\u542f\u83b7\u5f97\u84dd\u8272\u6216\u7d2b\u8272\u5c24\u5a1c", "levelRequire": 1, "baseMpAdditional": 0, "baseDodgeAdditional": 0, "useType": 1, "baseMagicDefense": 0, "suiteId": 0, "baseAttack": 0, "attackType": 0, "baseStr": 0, "baseQuality": 1, "icon": 21, "name": "\u5c24\u5a1c\u4e4b\u76d2", "basePhysicalDefense": 0, "canInjection": 0, "ownerexp": 0, "baseDefense": 0, "baseHitAdditional": 0}, "51000038": {"skill": 0, "baseHpAdditional": 0, "basePhysicalAttack": 0, "compound": 0, "baseDex": 0, "comprice": 0, "baseSpeed": 0, "growTemp": 0, "baseEffects": "0", "id": 51000038, "buyingRateCoin": 3430, "itemPage": 3, "script": "self._owner.pet.openRandEgg([(15152,10000)],15151)", "baseWis": 0, "baseSpeedAdditional": 0, "maxexp": 0, "baseCritAdditional": 0, "baseMagicAttack": 0, "type": 1, "baseBlockAdditional": 0, "maxstack": 1, "baseVit": 0, "bodyType": 0, "description": "\u5f00\u542f\u83b7\u5f97\u84dd\u8272\u6216\u7d2b\u8272\u8fea\u5965\u5e03\u9c81", "levelRequire": 1, "baseMpAdditional": 0, "baseDodgeAdditional": 0, "useType": 1, "baseMagicDefense": 0, "suiteId": 0, "baseAttack": 0, "attackType": 0, "baseStr": 0, "baseQuality": 1, "icon": 21, "name": "\u8fea\u5965\u5e03\u9c81\u4e4b\u76d2", "basePhysicalDefense": 0, "canInjection": 0, "ownerexp": 0, "baseDefense": 0, "baseHitAdditional": 0}, "51000039": {"skill": 0, "baseHpAdditional": 0, "basePhysicalAttack": 0, "compound": 0, "baseDex": 0, "comprice": 0, "baseSpeed": 0, "growTemp": 0, "baseEffects": "0", "id": 51000039, "buyingRateCoin": 3430, "itemPage": 3, "script": "self._owner.pet.openRandEgg([(15156,10000)],15155)", "baseWis": 0, "baseSpeedAdditional": 0, "maxexp": 0, "baseCritAdditional": 0, "baseMagicAttack": 0, "type": 1, "baseBlockAdditional": 0, "maxstack": 1, "baseVit": 0, "bodyType": 0, "description": "\u5f00\u542f\u83b7\u5f97\u84dd\u8272\u6216\u7d2b\u8272\u6c49\u5c3c\u62d4", "levelRequire": 1, "baseMpAdditional": 0, "baseDodgeAdditional": 0, "useType": 1, "baseMagicDefense": 0, "suiteId": 0, "baseAttack": 0, "attackType": 0, "baseStr": 0, "baseQuality": 1, "icon": 21, "name": "\u6c49\u5c3c\u62d4\u4e4b\u76d2", "basePhysicalDefense": 0, "canInjection": 0, "ownerexp": 0, "baseDefense": 0, "baseHitAdditional": 0}, "51000043": {"skill": 0, "baseHpAdditional": 0, "basePhysicalAttack": 0, "compound": 0, "baseDex": 0, "comprice": 0, "baseSpeed": 0, "growTemp": 0, "baseEffects": "0", "id": 51000043, "buyingRateCoin": 3430, "itemPage": 3, "script": "self._owner.pet.openRandEgg([(15172,10000)],15171)", "baseWis": 0, "baseSpeedAdditional": 0, "maxexp": 0, "baseCritAdditional": 0, "baseMagicAttack": 0, "type": 1, "baseBlockAdditional": 0, "maxstack": 1, "baseVit": 0, "bodyType": 0, "description": "\u5f00\u542f\u83b7\u5f97\u84dd\u8272\u6216\u7d2b\u8272\u58a8\u83f2\u65af\u7279", "levelRequire": 1, "baseMpAdditional": 0, "baseDodgeAdditional": 0, "useType": 1, "baseMagicDefense": 0, "suiteId": 0, "baseAttack": 0, "attackType": 0, "baseStr": 0, "baseQuality": 1, "icon": 21, "name": "\u58a8\u83f2\u65af\u7279\u4e4b\u76d2", "basePhysicalDefense": 0, "canInjection": 0, "ownerexp": 0, "baseDefense": 0, "baseHitAdditional": 0}, "51000045": {"skill": 0, "baseHpAdditional": 0, "basePhysicalAttack": 0, "compound": 0, "baseDex": 0, "comprice": 0, "baseSpeed": 0, "growTemp": 0, "baseEffects": "0", "id": 51000045, "buyingRateCoin": 3430, "itemPage": 3, "script": "self._owner.pet.openRandEgg([(15180,10000)],15179)", "baseWis": 0, "baseSpeedAdditional": 0, "maxexp": 0, "baseCritAdditional": 0, "baseMagicAttack": 0, "type": 1, "baseBlockAdditional": 0, "maxstack": 1, "baseVit": 0, "bodyType": 0, "description": "\u5f00\u542f\u83b7\u5f97\u84dd\u8272\u6216\u7d2b\u8272\u7956\u7956\u5c14", "levelRequire": 1, "baseMpAdditional": 0, "baseDodgeAdditional": 0, "useType": 1, "baseMagicDefense": 0, "suiteId": 0, "baseAttack": 0, "attackType": 0, "baseStr": 0, "baseQuality": 1, "icon": 21, "name": "\u7956\u7956\u5c14\u4e4b\u76d2", "basePhysicalDefense": 0, "canInjection": 0, "ownerexp": 0, "baseDefense": 0, "baseHitAdditional": 0}, "51000046": {"skill": 0, "baseHpAdditional": 0, "basePhysicalAttack": 0, "compound": 0, "baseDex": 0, "comprice": 0, "baseSpeed": 0, "growTemp": 0, "baseEffects": "0", "id": 51000046, "buyingRateCoin": 3430, "itemPage": 3, "script": "self._owner.pet.openRandEgg([(15184,10000)],15183)", "baseWis": 0, "baseSpeedAdditional": 0, "maxexp": 0, "baseCritAdditional": 0, "baseMagicAttack": 0, "type": 1, "baseBlockAdditional": 0, "maxstack": 1, "baseVit": 0, "bodyType": 0, "description": "\u5f00\u542f\u83b7\u5f97\u84dd\u8272\u6216\u7d2b\u8272\u5b89\u5854\u5229\u4e9a", "levelRequire": 1, "baseMpAdditional": 0, "baseDodgeAdditional": 0, "useType": 1, "baseMagicDefense": 0, "suiteId": 0, "baseAttack": 0, "attackType": 0, "baseStr": 0, "baseQuality": 1, "icon": 21, "name": "\u5b89\u5854\u5229\u4e9a\u4e4b\u76d2", "basePhysicalDefense": 0, "canInjection": 0, "ownerexp": 0, "baseDefense": 0, "baseHitAdditional": 0}, "51000047": {"skill": 0, "baseHpAdditional": 0, "basePhysicalAttack": 0, "compound": 0, "baseDex": 0, "comprice": 0, "baseSpeed": 0, "growTemp": 0, "baseEffects": "0", "id": 51000047, "buyingRateCoin": 3430, "itemPage": 3, "script": "self._owner.pet.openRandEgg([(15188,10000)],15187)", "baseWis": 0, "baseSpeedAdditional": 0, "maxexp": 0, "baseCritAdditional": 0, "baseMagicAttack": 0, "type": 1, "baseBlockAdditional": 0, "maxstack": 1, "baseVit": 0, "bodyType": 0, "description": "\u5f00\u542f\u83b7\u5f97\u84dd\u8272\u6216\u7d2b\u8272\u674e\u5965\u745e\u514b", "levelRequire": 1, "baseMpAdditional": 0, "baseDodgeAdditional": 0, "useType": 1, "baseMagicDefense": 0, "suiteId": 0, "baseAttack": 0, "attackType": 0, "baseStr": 0, "baseQuality": 1, "icon": 21, "name": "\u674e\u5965\u745e\u514b\u4e4b\u76d2", "basePhysicalDefense": 0, "canInjection": 0, "ownerexp": 0, "baseDefense": 0, "baseHitAdditional": 0}, "51000049": {"skill": 0, "baseHpAdditional": 0, "basePhysicalAttack": 0, "compound": 0, "baseDex": 0, "comprice": 0, "baseSpeed": 0, "growTemp": 0, "baseEffects": "0", "id": 51000049, "buyingRateCoin": 3430, "itemPage": 3, "script": "self._owner.pet.openRandEgg([(15196,10000)],15195)", "baseWis": 0, "baseSpeedAdditional": 0, "maxexp": 0, "baseCritAdditional": 0, "baseMagicAttack": 0, "type": 1, "baseBlockAdditional": 0, "maxstack": 1, "baseVit": 0, "bodyType": 0, "description": "\u5f00\u542f\u83b7\u5f97\u84dd\u8272\u6216\u7d2b\u8272\u52a0\u91cc\u5965", "levelRequire": 1, "baseMpAdditional": 0, "baseDodgeAdditional": 0, "useType": 1, "baseMagicDefense": 0, "suiteId": 0, "baseAttack": 0, "attackType": 0, "baseStr": 0, "baseQuality": 1, "icon": 21, "name": "\u52a0\u91cc\u5965\u4e4b\u76d2", "basePhysicalDefense": 0, "canInjection": 0, "ownerexp": 0, "baseDefense": 0, "baseHitAdditional": 0}, "51000050": {"skill": 0, "baseHpAdditional": 0, "basePhysicalAttack": 0, "compound": 0, "baseDex": 0, "comprice": 0, "baseSpeed": 0, "growTemp": 0, "baseEffects": "0", "id": 51000050, "buyingRateCoin": 3430, "itemPage": 3, "script": "self._owner.pet.openRandEgg([(15200,10000)],15199)", "baseWis": 0, "baseSpeedAdditional": 0, "maxexp": 0, "baseCritAdditional": 0, "baseMagicAttack": 0, "type": 1, "baseBlockAdditional": 0, "maxstack": 1, "baseVit": 0, "bodyType": 0, "description": "\u5f00\u542f\u83b7\u5f97\u84dd\u8272\u6216\u7d2b\u8272\u8863\u5352\u5c14", "levelRequire": 1, "baseMpAdditional": 0, "baseDodgeAdditional": 0, "useType": 1, "baseMagicDefense": 0, "suiteId": 0, "baseAttack": 0, "attackType": 0, "baseStr": 0, "baseQuality": 1, "icon": 21, "name": "\u8863\u5352\u5c14\u4e4b\u76d2", "basePhysicalDefense": 0, "canInjection": 0, "ownerexp": 0, "baseDefense": 0, "baseHitAdditional": 0}, "51000051": {"skill": 0, "baseHpAdditional": 0, "basePhysicalAttack": 0, "compound": 0, "baseDex": 0, "comprice": 0, "baseSpeed": 0, "growTemp": 0, "baseEffects": "0", "id": 51000051, "buyingRateCoin": 3430, "itemPage": 3, "script": "self._owner.pet.openRandEgg([(15204,10000)],15203)", "baseWis": 0, "baseSpeedAdditional": 0, "maxexp": 0, "baseCritAdditional": 0, "baseMagicAttack": 0, "type": 1, "baseBlockAdditional": 0, "maxstack": 1, "baseVit": 0, "bodyType": 0, "description": "\u5f00\u542f\u83b7\u5f97\u84dd\u8272\u6216\u7d2b\u8272\u5b89\u8fbe\u4e3d\u5c14", "levelRequire": 1, "baseMpAdditional": 0, "baseDodgeAdditional": 0, "useType": 1, "baseMagicDefense": 0, "suiteId": 0, "baseAttack": 0, "attackType": 0, "baseStr": 0, "baseQuality": 1, "icon": 21, "name": "\u5b89\u8fbe\u4e3d\u5c14\u4e4b\u76d2", "basePhysicalDefense": 0, "canInjection": 0, "ownerexp": 0, "baseDefense": 0, "baseHitAdditional": 0}, "51000057": {"skill": 0, "baseHpAdditional": 0, "basePhysicalAttack": 0, "compound": 0, "baseDex": 0, "comprice": 0, "baseSpeed": 0, "growTemp": 0, "baseEffects": "0", "id": 51000057, "buyingRateCoin": 3430, "itemPage": 3, "script": "self._owner.pet.openRandEgg([(15228,10000)],15227)", "baseWis": 0, "baseSpeedAdditional": 0, "maxexp": 0, "baseCritAdditional": 0, "baseMagicAttack": 0, "type": 1, "baseBlockAdditional": 0, "maxstack": 1, "baseVit": 0, "bodyType": 0, "description": "\u5f00\u542f\u83b7\u5f97\u84dd\u8272\u6216\u7d2b\u8272\u6ce2\u585e\u51ac", "levelRequire": 1, "baseMpAdditional": 0, "baseDodgeAdditional": 0, "useType": 1, "baseMagicDefense": 0, "suiteId": 0, "baseAttack": 0, "attackType": 0, "baseStr": 0, "baseQuality": 1, "icon": 21, "name": "\u6ce2\u585e\u51ac\u4e4b\u76d2", "basePhysicalDefense": 0, "canInjection": 0, "ownerexp": 0, "baseDefense": 0, "baseHitAdditional": 0}, "53000001": {"skill": 0, "baseHpAdditional": 0, "basePhysicalAttack": 0, "compound": 51000001, "baseDex": 0, "comprice": 1000, "baseSpeed": 0, "growTemp": 0, "baseEffects": "0", "id": 53000001, "buyingRateCoin": 3430, "itemPage": 3, "script": "", "baseWis": 0, "baseSpeedAdditional": 0, "maxexp": 0, "baseCritAdditional": 0, "baseMagicAttack": 0, "type": 0, "baseBlockAdditional": 0, "maxstack": 10, "baseVit": 0, "bodyType": 0, "description": "\u53ef\u4ee5\u5408\u6210\u84dd\u8272\u6216\u7d2b\u8272\u963f\u5361\u62c9", "levelRequire": 1, "baseMpAdditional": 0, "baseDodgeAdditional": 0, "useType": 1, "baseMagicDefense": 0, "suiteId": 0, "baseAttack": 0, "attackType": 0, "baseStr": 0, "baseQuality": 1, "icon": 6000, "name": "\u963f\u5361\u62c9\u4e4b\u9b42", "basePhysicalDefense": 0, "canInjection": 0, "ownerexp": 0, "baseDefense": 0, "baseHitAdditional": 0}, "53000002": {"skill": 0, "baseHpAdditional": 0, "basePhysicalAttack": 0, "compound": 51000002, "baseDex": 0, "comprice": 1000, "baseSpeed": 0, "growTemp": 0, "baseEffects": "0", "id": 53000002, "buyingRateCoin": 3430, "itemPage": 3, "script": "", "baseWis": 0, "baseSpeedAdditional": 0, "maxexp": 0, "baseCritAdditional": 0, "baseMagicAttack": 0, "type": 0, "baseBlockAdditional": 0, "maxstack": 10, "baseVit": 0, "bodyType": 0, "description": "\u53ef\u4ee5\u5408\u6210\u84dd\u8272\u6216\u7d2b\u8272\u7a46\u9c81", "levelRequire": 1, "baseMpAdditional": 0, "baseDodgeAdditional": 0, "useType": 1, "baseMagicDefense": 0, "suiteId": 0, "baseAttack": 0, "attackType": 0, "baseStr": 0, "baseQuality": 1, "icon": 6001, "name": "\u7a46\u9c81\u4e4b\u9b42", "basePhysicalDefense": 0, "canInjection": 0, "ownerexp": 0, "baseDefense": 0, "baseHitAdditional": 0}, "53000003": {"skill": 0, "baseHpAdditional": 0, "basePhysicalAttack": 0, "compound": 51000003, "baseDex": 0, "comprice": 1000, "baseSpeed": 0, "growTemp": 0, "baseEffects": "0", "id": 53000003, "buyingRateCoin": 3430, "itemPage": 3, "script": "", "baseWis": 0, "baseSpeedAdditional": 0, "maxexp": 0, "baseCritAdditional": 0, "baseMagicAttack": 0, "type": 0, "baseBlockAdditional": 0, "maxstack": 10, "baseVit": 0, "bodyType": 0, "description": "\u53ef\u4ee5\u5408\u6210\u84dd\u8272\u6216\u7d2b\u8272\u68ee", "levelRequire": 1, "baseMpAdditional": 0, "baseDodgeAdditional": 0, "useType": 1, "baseMagicDefense": 0, "suiteId": 0, "baseAttack": 0, "attackType": 0, "baseStr": 0, "baseQuality": 1, "icon": 6002, "name": "\u68ee\u4e4b\u9b42", "basePhysicalDefense": 0, "canInjection": 0, "ownerexp": 0, "baseDefense": 0, "baseHitAdditional": 0}, "53000004": {"skill": 0, "baseHpAdditional": 0, "basePhysicalAttack": 0, "compound": 51000004, "baseDex": 0, "comprice": 1000, "baseSpeed": 0, "growTemp": 0, "baseEffects": "0", "id": 53000004, "buyingRateCoin": 3430, "itemPage": 3, "script": "", "baseWis": 0, "baseSpeedAdditional": 0, "maxexp": 0, "baseCritAdditional": 0, "baseMagicAttack": 0, "type": 0, "baseBlockAdditional": 0, "maxstack": 10, "baseVit": 0, "bodyType": 0, "description": "\u53ef\u4ee5\u5408\u6210\u84dd\u8272\u6216\u7d2b\u8272\u5854\u5a1c", "levelRequire": 1, "baseMpAdditional": 0, "baseDodgeAdditional": 0, "useType": 1, "baseMagicDefense": 0, "suiteId": 0, "baseAttack": 0, "attackType": 0, "baseStr": 0, "baseQuality": 1, "icon": 6003, "name": "\u5854\u5a1c\u4e4b\u9b42", "basePhysicalDefense": 0, "canInjection": 0, "ownerexp": 0, "baseDefense": 0, "baseHitAdditional": 0}, "53000005": {"skill": 0, "baseHpAdditional": 0, "basePhysicalAttack": 0, "compound": 51000005, "baseDex": 0, "comprice": 1000, "baseSpeed": 0, "growTemp": 0, "baseEffects": "0", "id": 53000005, "buyingRateCoin": 3430, "itemPage": 3, "script": "", "baseWis": 0, "baseSpeedAdditional": 0, "maxexp": 0, "baseCritAdditional": 0, "baseMagicAttack": 0, "type": 0, "baseBlockAdditional": 0, "maxstack": 10, "baseVit": 0, "bodyType": 0, "description": "\u53ef\u4ee5\u5408\u6210\u84dd\u8272\u6216\u7d2b\u8272\u9c81\u683c", "levelRequire": 1, "baseMpAdditional": 0, "baseDodgeAdditional": 0, "useType": 1, "baseMagicDefense": 0, "suiteId": 0, "baseAttack": 0, "attackType": 0, "baseStr": 0, "baseQuality": 1, "icon": 6004, "name": "\u9c81\u683c\u4e4b\u9b42", "basePhysicalDefense": 0, "canInjection": 0, "ownerexp": 0, "baseDefense": 0, "baseHitAdditional": 0}, "53000008": {"skill": 0, "baseHpAdditional": 0, "basePhysicalAttack": 0, "compound": 51000008, "baseDex": 0, "comprice": 1000, "baseSpeed": 0, "growTemp": 0, "baseEffects": "0", "id": 53000008, "buyingRateCoin": 3430, "itemPage": 3, "script": "", "baseWis": 0, "baseSpeedAdditional": 0, "maxexp": 0, "baseCritAdditional": 0, "baseMagicAttack": 0, "type": 0, "baseBlockAdditional": 0, "maxstack": 10, "baseVit": 0, "bodyType": 0, "description": "\u53ef\u4ee5\u5408\u6210\u84dd\u8272\u6216\u7d2b\u8272\u7ef4\u9c81\u65af", "levelRequire": 1, "baseMpAdditional": 0, "baseDodgeAdditional": 0, "useType": 1, "baseMagicDefense": 0, "suiteId": 0, "baseAttack": 0, "attackType": 0, "baseStr": 0, "baseQuality": 1, "icon": 6007, "name": "\u7ef4\u9c81\u65af\u4e4b\u9b42", "basePhysicalDefense": 0, "canInjection": 0, "ownerexp": 0, "baseDefense": 0, "baseHitAdditional": 0}, "53000013": {"skill": 0, "baseHpAdditional": 0, "basePhysicalAttack": 0, "compound": 51000013, "baseDex": 0, "comprice": 1000, "baseSpeed": 0, "growTemp": 0, "baseEffects": "0", "id": 53000013, "buyingRateCoin": 3430, "itemPage": 3, "script": "", "baseWis": 0, "baseSpeedAdditional": 0, "maxexp": 0, "baseCritAdditional": 0, "baseMagicAttack": 0, "type": 0, "baseBlockAdditional": 0, "maxstack": 10, "baseVit": 0, "bodyType": 0, "description": "\u53ef\u4ee5\u5408\u6210\u84dd\u8272\u6216\u7d2b\u8272\u6770\u521a", "levelRequire": 1, "baseMpAdditional": 0, "baseDodgeAdditional": 0, "useType": 1, "baseMagicDefense": 0, "suiteId": 0, "baseAttack": 0, "attackType": 0, "baseStr": 0, "baseQuality": 1, "icon": 6012, "name": "\u6770\u521a\u4e4b\u9b42", "basePhysicalDefense": 0, "canInjection": 0, "ownerexp": 0, "baseDefense": 0, "baseHitAdditional": 0}, "53000014": {"skill": 0, "baseHpAdditional": 0, "basePhysicalAttack": 0, "compound": 51000014, "baseDex": 0, "comprice": 1000, "baseSpeed": 0, "growTemp": 0, "baseEffects": "0", "id": 53000014, "buyingRateCoin": 3430, "itemPage": 3, "script": "", "baseWis": 0, "baseSpeedAdditional": 0, "maxexp": 0, "baseCritAdditional": 0, "baseMagicAttack": 0, "type": 0, "baseBlockAdditional": 0, "maxstack": 10, "baseVit": 0, "bodyType": 0, "description": "\u53ef\u4ee5\u5408\u6210\u84dd\u8272\u6216\u7d2b\u8272\u5973\u4f2f\u7235", "levelRequire": 1, "baseMpAdditional": 0, "baseDodgeAdditional": 0, "useType": 1, "baseMagicDefense": 0, "suiteId": 0, "baseAttack": 0, "attackType": 0, "baseStr": 0, "baseQuality": 1, "icon": 6013, "name": "\u5973\u4f2f\u7235\u4e4b\u9b42", "basePhysicalDefense": 0, "canInjection": 0, "ownerexp": 0, "baseDefense": 0, "baseHitAdditional": 0}, "53000015": {"skill": 0, "baseHpAdditional": 0, "basePhysicalAttack": 0, "compound": 51000015, "baseDex": 0, "comprice": 1000, "baseSpeed": 0, "growTemp": 0, "baseEffects": "0", "id": 53000015, "buyingRateCoin": 3430, "itemPage": 3, "script": "", "baseWis": 0, "baseSpeedAdditional": 0, "maxexp": 0, "baseCritAdditional": 0, "baseMagicAttack": 0, "type": 0, "baseBlockAdditional": 0, "maxstack": 10, "baseVit": 0, "bodyType": 0, "description": "\u53ef\u4ee5\u5408\u6210\u84dd\u8272\u6216\u7d2b\u8272\u6cf0\u745e\u5c14", "levelRequire": 1, "baseMpAdditional": 0, "baseDodgeAdditional": 0, "useType": 1, "baseMagicDefense": 0, "suiteId": 0, "baseAttack": 0, "attackType": 0, "baseStr": 0, "baseQuality": 1, "icon": 6014, "name": "\u6cf0\u745e\u5c14\u4e4b\u9b42", "basePhysicalDefense": 0, "canInjection": 0, "ownerexp": 0, "baseDefense": 0, "baseHitAdditional": 0}, "53000017": {"skill": 0, "baseHpAdditional": 0, "basePhysicalAttack": 0, "compound": 51000017, "baseDex": 0, "comprice": 1000, "baseSpeed": 0, "growTemp": 0, "baseEffects": "0", "id": 53000017, "buyingRateCoin": 3430, "itemPage": 3, "script": "", "baseWis": 0, "baseSpeedAdditional": 0, "maxexp": 0, "baseCritAdditional": 0, "baseMagicAttack": 0, "type": 0, "baseBlockAdditional": 0, "maxstack": 10, "baseVit": 0, "bodyType": 0, "description": "\u53ef\u4ee5\u5408\u6210\u84dd\u8272\u6216\u7d2b\u8272\u51ef\u6069", "levelRequire": 1, "baseMpAdditional": 0, "baseDodgeAdditional": 0, "useType": 1, "baseMagicDefense": 0, "suiteId": 0, "baseAttack": 0, "attackType": 0, "baseStr": 0, "baseQuality": 1, "icon": 6016, "name": "\u51ef\u6069\u4e4b\u9b42", "basePhysicalDefense": 0, "canInjection": 0, "ownerexp": 0, "baseDefense": 0, "baseHitAdditional": 0}, "53000024": {"skill": 0, "baseHpAdditional": 0, "basePhysicalAttack": 0, "compound": 51000024, "baseDex": 0, "comprice": 1000, "baseSpeed": 0, "growTemp": 0, "baseEffects": "0", "id": 53000024, "buyingRateCoin": 3430, "itemPage": 3, "script": "", "baseWis": 0, "baseSpeedAdditional": 0, "maxexp": 0, "baseCritAdditional": 0, "baseMagicAttack": 0, "type": 0, "baseBlockAdditional": 0, "maxstack": 10, "baseVit": 0, "bodyType": 0, "description": "\u53ef\u4ee5\u5408\u6210\u84dd\u8272\u6216\u7d2b\u8272\u6770\u62c9", "levelRequire": 1, "baseMpAdditional": 0, "baseDodgeAdditional": 0, "useType": 1, "baseMagicDefense": 0, "suiteId": 0, "baseAttack": 0, "attackType": 0, "baseStr": 0, "baseQuality": 1, "icon": 6023, "name": "\u6770\u62c9\u4e4b\u9b42", "basePhysicalDefense": 0, "canInjection": 0, "ownerexp": 0, "baseDefense": 0, "baseHitAdditional": 0}, "53000025": {"skill": 0, "baseHpAdditional": 0, "basePhysicalAttack": 0, "compound": 51000025, "baseDex": 0, "comprice": 1000, "baseSpeed": 0, "growTemp": 0, "baseEffects": "0", "id": 53000025, "buyingRateCoin": 3430, "itemPage": 3, "script": "", "baseWis": 0, "baseSpeedAdditional": 0, "maxexp": 0, "baseCritAdditional": 0, "baseMagicAttack": 0, "type": 0, "baseBlockAdditional": 0, "maxstack": 10, "baseVit": 0, "bodyType": 0, "description": "\u53ef\u4ee5\u5408\u6210\u84dd\u8272\u6216\u7d2b\u8272\u5965\u62c9\u592b", "levelRequire": 1, "baseMpAdditional": 0, "baseDodgeAdditional": 0, "useType": 1, "baseMagicDefense": 0, "suiteId": 0, "baseAttack": 0, "attackType": 0, "baseStr": 0, "baseQuality": 1, "icon": 6024, "name": "\u5965\u62c9\u592b\u4e4b\u9b42", "basePhysicalDefense": 0, "canInjection": 0, "ownerexp": 0, "baseDefense": 0, "baseHitAdditional": 0}, "53000030": {"skill": 0, "baseHpAdditional": 0, "basePhysicalAttack": 0, "compound": 51000030, "baseDex": 0, "comprice": 1000, "baseSpeed": 0, "growTemp": 0, "baseEffects": "0", "id": 53000030, "buyingRateCoin": 3430, "itemPage": 3, "script": "", "baseWis": 0, "baseSpeedAdditional": 0, "maxexp": 0, "baseCritAdditional": 0, "baseMagicAttack": 0, "type": 0, "baseBlockAdditional": 0, "maxstack": 10, "baseVit": 0, "bodyType": 0, "description": "\u53ef\u4ee5\u5408\u6210\u84dd\u8272\u6216\u7d2b\u8272\u5c3c\u5965\u51ef", "levelRequire": 1, "baseMpAdditional": 0, "baseDodgeAdditional": 0, "useType": 1, "baseMagicDefense": 0, "suiteId": 0, "baseAttack": 0, "attackType": 0, "baseStr": 0, "baseQuality": 1, "icon": 6029, "name": "\u5c3c\u5965\u51ef\u4e4b\u9b42", "basePhysicalDefense": 0, "canInjection": 0, "ownerexp": 0, "baseDefense": 0, "baseHitAdditional": 0}, "53000034": {"skill": 0, "baseHpAdditional": 0, "basePhysicalAttack": 0, "compound": 51000034, "baseDex": 0, "comprice": 1000, "baseSpeed": 0, "growTemp": 0, "baseEffects": "0", "id": 53000034, "buyingRateCoin": 3430, "itemPage": 3, "script": "", "baseWis": 0, "baseSpeedAdditional": 0, "maxexp": 0, "baseCritAdditional": 0, "baseMagicAttack": 0, "type": 0, "baseBlockAdditional": 0, "maxstack": 10, "baseVit": 0, "bodyType": 0, "description": "\u53ef\u4ee5\u5408\u6210\u84dd\u8272\u6216\u7d2b\u8272\u5c24\u5a1c", "levelRequire": 1, "baseMpAdditional": 0, "baseDodgeAdditional": 0, "useType": 1, "baseMagicDefense": 0, "suiteId": 0, "baseAttack": 0, "attackType": 0, "baseStr": 0, "baseQuality": 1, "icon": 6033, "name": "\u5c24\u5a1c\u4e4b\u9b42", "basePhysicalDefense": 0, "canInjection": 0, "ownerexp": 0, "baseDefense": 0, "baseHitAdditional": 0}, "53000038": {"skill": 0, "baseHpAdditional": 0, "basePhysicalAttack": 0, "compound": 51000038, "baseDex": 0, "comprice": 1000, "baseSpeed": 0, "growTemp": 0, "baseEffects": "0", "id": 53000038, "buyingRateCoin": 3430, "itemPage": 3, "script": "", "baseWis": 0, "baseSpeedAdditional": 0, "maxexp": 0, "baseCritAdditional": 0, "baseMagicAttack": 0, "type": 0, "baseBlockAdditional": 0, "maxstack": 10, "baseVit": 0, "bodyType": 0, "description": "\u53ef\u4ee5\u5408\u6210\u84dd\u8272\u6216\u7d2b\u8272\u8fea\u5965\u5e03\u9c81", "levelRequire": 1, "baseMpAdditional": 0, "baseDodgeAdditional": 0, "useType": 1, "baseMagicDefense": 0, "suiteId": 0, "baseAttack": 0, "attackType": 0, "baseStr": 0, "baseQuality": 1, "icon": 6037, "name": "\u8fea\u5965\u5e03\u9c81\u4e4b\u9b42", "basePhysicalDefense": 0, "canInjection": 0, "ownerexp": 0, "baseDefense": 0, "baseHitAdditional": 0}, "53000039": {"skill": 0, "baseHpAdditional": 0, "basePhysicalAttack": 0, "compound": 51000039, "baseDex": 0, "comprice": 1000, "baseSpeed": 0, "growTemp": 0, "baseEffects": "0", "id": 53000039, "buyingRateCoin": 3430, "itemPage": 3, "script": "", "baseWis": 0, "baseSpeedAdditional": 0, "maxexp": 0, "baseCritAdditional": 0, "baseMagicAttack": 0, "type": 0, "baseBlockAdditional": 0, "maxstack": 10, "baseVit": 0, "bodyType": 0, "description": "\u53ef\u4ee5\u5408\u6210\u84dd\u8272\u6216\u7d2b\u8272\u6c49\u5c3c\u62d4", "levelRequire": 1, "baseMpAdditional": 0, "baseDodgeAdditional": 0, "useType": 1, "baseMagicDefense": 0, "suiteId": 0, "baseAttack": 0, "attackType": 0, "baseStr": 0, "baseQuality": 1, "icon": 6038, "name": "\u6c49\u5c3c\u62d4\u4e4b\u9b42", "basePhysicalDefense": 0, "canInjection": 0, "ownerexp": 0, "baseDefense": 0, "baseHitAdditional": 0}, "53000043": {"skill": 0, "baseHpAdditional": 0, "basePhysicalAttack": 0, "compound": 51000043, "baseDex": 0, "comprice": 1000, "baseSpeed": 0, "growTemp": 0, "baseEffects": "0", "id": 53000043, "buyingRateCoin": 3430, "itemPage": 3, "script": "", "baseWis": 0, "baseSpeedAdditional": 0, "maxexp": 0, "baseCritAdditional": 0, "baseMagicAttack": 0, "type": 0, "baseBlockAdditional": 0, "maxstack": 10, "baseVit": 0, "bodyType": 0, "description": "\u53ef\u4ee5\u5408\u6210\u84dd\u8272\u6216\u7d2b\u8272\u58a8\u83f2\u65af\u7279", "levelRequire": 1, "baseMpAdditional": 0, "baseDodgeAdditional": 0, "useType": 1, "baseMagicDefense": 0, "suiteId": 0, "baseAttack": 0, "attackType": 0, "baseStr": 0, "baseQuality": 1, "icon": 6042, "name": "\u58a8\u83f2\u65af\u7279\u4e4b\u9b42", "basePhysicalDefense": 0, "canInjection": 0, "ownerexp": 0, "baseDefense": 0, "baseHitAdditional": 0}, "53000045": {"skill": 0, "baseHpAdditional": 0, "basePhysicalAttack": 0, "compound": 51000045, "baseDex": 0, "comprice": 1000, "baseSpeed": 0, "growTemp": 0, "baseEffects": "0", "id": 53000045, "buyingRateCoin": 3430, "itemPage": 3, "script": "", "baseWis": 0, "baseSpeedAdditional": 0, "maxexp": 0, "baseCritAdditional": 0, "baseMagicAttack": 0, "type": 0, "baseBlockAdditional": 0, "maxstack": 10, "baseVit": 0, "bodyType": 0, "description": "\u53ef\u4ee5\u5408\u6210\u84dd\u8272\u6216\u7d2b\u8272\u7956\u7956\u5c14", "levelRequire": 1, "baseMpAdditional": 0, "baseDodgeAdditional": 0, "useType": 1, "baseMagicDefense": 0, "suiteId": 0, "baseAttack": 0, "attackType": 0, "baseStr": 0, "baseQuality": 1, "icon": 6044, "name": "\u7956\u7956\u5c14\u4e4b\u9b42", "basePhysicalDefense": 0, "canInjection": 0, "ownerexp": 0, "baseDefense": 0, "baseHitAdditional": 0}, "53000046": {"skill": 0, "baseHpAdditional": 0, "basePhysicalAttack": 0, "compound": 51000046, "baseDex": 0, "comprice": 1000, "baseSpeed": 0, "growTemp": 0, "baseEffects": "0", "id": 53000046, "buyingRateCoin": 3430, "itemPage": 3, "script": "", "baseWis": 0, "baseSpeedAdditional": 0, "maxexp": 0, "baseCritAdditional": 0, "baseMagicAttack": 0, "type": 0, "baseBlockAdditional": 0, "maxstack": 10, "baseVit": 0, "bodyType": 0, "description": "\u53ef\u4ee5\u5408\u6210\u84dd\u8272\u6216\u7d2b\u8272\u5b89\u5854\u5229\u4e9a", "levelRequire": 1, "baseMpAdditional": 0, "baseDodgeAdditional": 0, "useType": 1, "baseMagicDefense": 0, "suiteId": 0, "baseAttack": 0, "attackType": 0, "baseStr": 0, "baseQuality": 1, "icon": 6045, "name": "\u5b89\u5854\u5229\u4e9a\u4e4b\u9b42", "basePhysicalDefense": 0, "canInjection": 0, "ownerexp": 0, "baseDefense": 0, "baseHitAdditional": 0}, "53000047": {"skill": 0, "baseHpAdditional": 0, "basePhysicalAttack": 0, "compound": 51000047, "baseDex": 0, "comprice": 1000, "baseSpeed": 0, "growTemp": 0, "baseEffects": "0", "id": 53000047, "buyingRateCoin": 3430, "itemPage": 3, "script": "", "baseWis": 0, "baseSpeedAdditional": 0, "maxexp": 0, "baseCritAdditional": 0, "baseMagicAttack": 0, "type": 0, "baseBlockAdditional": 0, "maxstack": 10, "baseVit": 0, "bodyType": 0, "description": "\u53ef\u4ee5\u5408\u6210\u84dd\u8272\u6216\u7d2b\u8272\u674e\u5965\u745e\u514b", "levelRequire": 1, "baseMpAdditional": 0, "baseDodgeAdditional": 0, "useType": 1, "baseMagicDefense": 0, "suiteId": 0, "baseAttack": 0, "attackType": 0, "baseStr": 0, "baseQuality": 1, "icon": 6046, "name": "\u674e\u5965\u745e\u514b\u4e4b\u9b42", "basePhysicalDefense": 0, "canInjection": 0, "ownerexp": 0, "baseDefense": 0, "baseHitAdditional": 0}, "53000049": {"skill": 0, "baseHpAdditional": 0, "basePhysicalAttack": 0, "compound": 51000049, "baseDex": 0, "comprice": 1000, "baseSpeed": 0, "growTemp": 0, "baseEffects": "0", "id": 53000049, "buyingRateCoin": 3430, "itemPage": 3, "script": "", "baseWis": 0, "baseSpeedAdditional": 0, "maxexp": 0, "baseCritAdditional": 0, "baseMagicAttack": 0, "type": 0, "baseBlockAdditional": 0, "maxstack": 10, "baseVit": 0, "bodyType": 0, "description": "\u53ef\u4ee5\u5408\u6210\u84dd\u8272\u6216\u7d2b\u8272\u52a0\u91cc\u5965", "levelRequire": 1, "baseMpAdditional": 0, "baseDodgeAdditional": 0, "useType": 1, "baseMagicDefense": 0, "suiteId": 0, "baseAttack": 0, "attackType": 0, "baseStr": 0, "baseQuality": 1, "icon": 6048, "name": "\u52a0\u91cc\u5965\u4e4b\u9b42", "basePhysicalDefense": 0, "canInjection": 0, "ownerexp": 0, "baseDefense": 0, "baseHitAdditional": 0}, "53000050": {"skill": 0, "baseHpAdditional": 0, "basePhysicalAttack": 0, "compound": 51000050, "baseDex": 0, "comprice": 1000, "baseSpeed": 0, "growTemp": 0, "baseEffects": "0", "id": 53000050, "buyingRateCoin": 3430, "itemPage": 3, "script": "", "baseWis": 0, "baseSpeedAdditional": 0, "maxexp": 0, "baseCritAdditional": 0, "baseMagicAttack": 0, "type": 0, "baseBlockAdditional": 0, "maxstack": 10, "baseVit": 0, "bodyType": 0, "description": "\u53ef\u4ee5\u5408\u6210\u84dd\u8272\u6216\u7d2b\u8272\u8863\u5352\u5c14", "levelRequire": 1, "baseMpAdditional": 0, "baseDodgeAdditional": 0, "useType": 1, "baseMagicDefense": 0, "suiteId": 0, "baseAttack": 0, "attackType": 0, "baseStr": 0, "baseQuality": 1, "icon": 6049, "name": "\u8863\u5352\u5c14\u4e4b\u9b42", "basePhysicalDefense": 0, "canInjection": 0, "ownerexp": 0, "baseDefense": 0, "baseHitAdditional": 0}, "53000051": {"skill": 0, "baseHpAdditional": 0, "basePhysicalAttack": 0, "compound": 51000051, "baseDex": 0, "comprice": 1000, "baseSpeed": 0, "growTemp": 0, "baseEffects": "0", "id": 53000051, "buyingRateCoin": 3430, "itemPage": 3, "script": "", "baseWis": 0, "baseSpeedAdditional": 0, "maxexp": 0, "baseCritAdditional": 0, "baseMagicAttack": 0, "type": 0, "baseBlockAdditional": 0, "maxstack": 10, "baseVit": 0, "bodyType": 0, "description": "\u53ef\u4ee5\u5408\u6210\u84dd\u8272\u6216\u7d2b\u8272\u5b89\u8fbe\u4e3d\u5c14", "levelRequire": 1, "baseMpAdditional": 0, "baseDodgeAdditional": 0, "useType": 1, "baseMagicDefense": 0, "suiteId": 0, "baseAttack": 0, "attackType": 0, "baseStr": 0, "baseQuality": 1, "icon": 6050, "name": "\u5b89\u8fbe\u4e3d\u5c14\u4e4b\u9b42", "basePhysicalDefense": 0, "canInjection": 0, "ownerexp": 0, "baseDefense": 0, "baseHitAdditional": 0}, "53000057": {"skill": 0, "baseHpAdditional": 0, "basePhysicalAttack": 0, "compound": 51000057, "baseDex": 0, "comprice": 1000, "baseSpeed": 0, "growTemp": 0, "baseEffects": "0", "id": 53000057, "buyingRateCoin": 3430, "itemPage": 3, "script": "", "baseWis": 0, "baseSpeedAdditional": 0, "maxexp": 0, "baseCritAdditional": 0, "baseMagicAttack": 0, "type": 0, "baseBlockAdditional": 0, "maxstack": 10, "baseVit": 0, "bodyType": 0, "description": "\u53ef\u4ee5\u5408\u6210\u84dd\u8272\u6216\u7d2b\u8272\u6ce2\u585e\u51ac", "levelRequire": 1, "baseMpAdditional": 0, "baseDodgeAdditional": 0, "useType": 1, "baseMagicDefense": 0, "suiteId": 0, "baseAttack": 0, "attackType": 0, "baseStr": 0, "baseQuality": 1, "icon": 6056, "name": "\u6ce2\u585e\u51ac\u4e4b\u9b42", "basePhysicalDefense": 0, "canInjection": 0, "ownerexp": 0, "baseDefense": 0, "baseHitAdditional": 0}, "54000006": {"skill": 0, "baseHpAdditional": 0, "basePhysicalAttack": 0, "compound": 55000006, "baseDex": 0, "comprice": 1000, "baseSpeed": 0, "growTemp": 0, "baseEffects": "0", "id": 54000006, "buyingRateCoin": 3430, "itemPage": 3, "script": "", "baseWis": 0, "baseSpeedAdditional": 0, "maxexp": 0, "baseCritAdditional": 0, "baseMagicAttack": 0, "type": 0, "baseBlockAdditional": 0, "maxstack": 5, "baseVit": 0, "bodyType": 0, "description": "\u5077\u88ad\u6280\u80fd\u4e66\u7684\u5408\u6210\u6750\u6599", "levelRequire": 1, "baseMpAdditional": 0, "baseDodgeAdditional": 0, "useType": 1, "baseMagicDefense": 0, "suiteId": 0, "baseAttack": 0, "attackType": 0, "baseStr": 0, "baseQuality": 1, "icon": 22, "name": "\u5077\u88ad\u788e\u7247", "basePhysicalDefense": 0, "canInjection": 0, "ownerexp": 0, "baseDefense": 0, "baseHitAdditional": 0}, "54000007": {"skill": 0, "baseHpAdditional": 0, "basePhysicalAttack": 0, "compound": 55000007, "baseDex": 0, "comprice": 1000, "baseSpeed": 0, "growTemp": 0, "baseEffects": "0", "id": 54000007, "buyingRateCoin": 3430, "itemPage": 3, "script": "", "baseWis": 0, "baseSpeedAdditional": 0, "maxexp": 0, "baseCritAdditional": 0, "baseMagicAttack": 0, "type": 0, "baseBlockAdditional": 0, "maxstack": 5, "baseVit": 0, "bodyType": 0, "description": "\u95ea\u7535\u6280\u80fd\u4e66\u7684\u5408\u6210\u6750\u6599", "levelRequire": 1, "baseMpAdditional": 0, "baseDodgeAdditional": 0, "useType": 1, "baseMagicDefense": 0, "suiteId": 0, "baseAttack": 0, "attackType": 0, "baseStr": 0, "baseQuality": 1, "icon": 22, "name": "\u95ea\u7535\u788e\u7247", "basePhysicalDefense": 0, "canInjection": 0, "ownerexp": 0, "baseDefense": 0, "baseHitAdditional": 0}, "54000008": {"skill": 0, "baseHpAdditional": 0, "basePhysicalAttack": 0, "compound": 55000008, "baseDex": 0, "comprice": 1000, "baseSpeed": 0, "growTemp": 0, "baseEffects": "0", "id": 54000008, "buyingRateCoin": 3430, "itemPage": 3, "script": "", "baseWis": 0, "baseSpeedAdditional": 0, "maxexp": 0, "baseCritAdditional": 0, "baseMagicAttack": 0, "type": 0, "baseBlockAdditional": 0, "maxstack": 5, "baseVit": 0, "bodyType": 0, "description": "\u7834\u7532\u6280\u80fd\u4e66\u7684\u5408\u6210\u6750\u6599", "levelRequire": 1, "baseMpAdditional": 0, "baseDodgeAdditional": 0, "useType": 1, "baseMagicDefense": 0, "suiteId": 0, "baseAttack": 0, "attackType": 0, "baseStr": 0, "baseQuality": 1, "icon": 22, "name": "\u7834\u7532\u788e\u7247", "basePhysicalDefense": 0, "canInjection": 0, "ownerexp": 0, "baseDefense": 0, "baseHitAdditional": 0}, "54000011": {"skill": 0, "baseHpAdditional": 0, "basePhysicalAttack": 0, "compound": 55000011, "baseDex": 0, "comprice": 1000, "baseSpeed": 0, "growTemp": 0, "baseEffects": "0", "id": 54000011, "buyingRateCoin": 3430, "itemPage": 3, "script": "", "baseWis": 0, "baseSpeedAdditional": 0, "maxexp": 0, "baseCritAdditional": 0, "baseMagicAttack": 0, "type": 0, "baseBlockAdditional": 0, "maxstack": 5, "baseVit": 0, "bodyType": 0, "description": "\u7a7f\u523a\u6280\u80fd\u4e66\u7684\u5408\u6210\u6750\u6599", "levelRequire": 1, "baseMpAdditional": 0, "baseDodgeAdditional": 0, "useType": 1, "baseMagicDefense": 0, "suiteId": 0, "baseAttack": 0, "attackType": 0, "baseStr": 0, "baseQuality": 1, "icon": 22, "name": "\u7a7f\u523a\u788e\u7247", "basePhysicalDefense": 0, "canInjection": 0, "ownerexp": 0, "baseDefense": 0, "baseHitAdditional": 0}, "54000015": {"skill": 0, "baseHpAdditional": 0, "basePhysicalAttack": 0, "compound": 55000015, "baseDex": 0, "comprice": 1000, "baseSpeed": 0, "growTemp": 0, "baseEffects": "0", "id": 54000015, "buyingRateCoin": 3430, "itemPage": 3, "script": "", "baseWis": 0, "baseSpeedAdditional": 0, "maxexp": 0, "baseCritAdditional": 0, "baseMagicAttack": 0, "type": 0, "baseBlockAdditional": 0, "maxstack": 5, "baseVit": 0, "bodyType": 0, "description": "\u9b3c\u795e\u6280\u80fd\u4e66\u7684\u5408\u6210\u6750\u6599", "levelRequire": 1, "baseMpAdditional": 0, "baseDodgeAdditional": 0, "useType": 1, "baseMagicDefense": 0, "suiteId": 0, "baseAttack": 0, "attackType": 0, "baseStr": 0, "baseQuality": 1, "icon": 22, "name": "\u9b3c\u795e\u788e\u7247", "basePhysicalDefense": 0, "canInjection": 0, "ownerexp": 0, "baseDefense": 0, "baseHitAdditional": 0}, "54000016": {"skill": 0, "baseHpAdditional": 0, "basePhysicalAttack": 0, "compound": 55000016, "baseDex": 0, "comprice": 1000, "baseSpeed": 0, "growTemp": 0, "baseEffects": "0", "id": 54000016, "buyingRateCoin": 3430, "itemPage": 3, "script": "", "baseWis": 0, "baseSpeedAdditional": 0, "maxexp": 0, "baseCritAdditional": 0, "baseMagicAttack": 0, "type": 0, "baseBlockAdditional": 0, "maxstack": 5, "baseVit": 0, "bodyType": 0, "description": "\u4e71\u5200\u6280\u80fd\u4e66\u7684\u5408\u6210\u6750\u6599", "levelRequire": 1, "baseMpAdditional": 0, "baseDodgeAdditional": 0, "useType": 1, "baseMagicDefense": 0, "suiteId": 0, "baseAttack": 0, "attackType": 0, "baseStr": 0, "baseQuality": 1, "icon": 22, "name": "\u4e71\u5200\u788e\u7247", "basePhysicalDefense": 0, "canInjection": 0, "ownerexp": 0, "baseDefense": 0, "baseHitAdditional": 0}, "54000017": {"skill": 0, "baseHpAdditional": 0, "basePhysicalAttack": 0, "compound": 55000017, "baseDex": 0, "comprice": 1000, "baseSpeed": 0, "growTemp": 0, "baseEffects": "0", "id": 54000017, "buyingRateCoin": 3430, "itemPage": 3, "script": "", "baseWis": 0, "baseSpeedAdditional": 0, "maxexp": 0, "baseCritAdditional": 0, "baseMagicAttack": 0, "type": 0, "baseBlockAdditional": 0, "maxstack": 5, "baseVit": 0, "bodyType": 0, "description": "\u865a\u5f31\u6280\u80fd\u4e66\u7684\u5408\u6210\u6750\u6599", "levelRequire": 1, "baseMpAdditional": 0, "baseDodgeAdditional": 0, "useType": 1, "baseMagicDefense": 0, "suiteId": 0, "baseAttack": 0, "attackType": 0, "baseStr": 0, "baseQuality": 1, "icon": 22, "name": "\u865a\u5f31\u788e\u7247", "basePhysicalDefense": 0, "canInjection": 0, "ownerexp": 0, "baseDefense": 0, "baseHitAdditional": 0}, "54000019": {"skill": 0, "baseHpAdditional": 0, "basePhysicalAttack": 0, "compound": 55000019, "baseDex": 0, "comprice": 1000, "baseSpeed": 0, "growTemp": 0, "baseEffects": "0", "id": 54000019, "buyingRateCoin": 3430, "itemPage": 3, "script": "", "baseWis": 0, "baseSpeedAdditional": 0, "maxexp": 0, "baseCritAdditional": 0, "baseMagicAttack": 0, "type": 0, "baseBlockAdditional": 0, "maxstack": 5, "baseVit": 0, "bodyType": 0, "description": "\u6a2a\u626b\u6280\u80fd\u4e66\u7684\u5408\u6210\u6750\u6599", "levelRequire": 1, "baseMpAdditional": 0, "baseDodgeAdditional": 0, "useType": 1, "baseMagicDefense": 0, "suiteId": 0, "baseAttack": 0, "attackType": 0, "baseStr": 0, "baseQuality": 1, "icon": 22, "name": "\u6a2a\u626b\u788e\u7247", "basePhysicalDefense": 0, "canInjection": 0, "ownerexp": 0, "baseDefense": 0, "baseHitAdditional": 0}, "54000020": {"skill": 0, "baseHpAdditional": 0, "basePhysicalAttack": 0, "compound": 55000020, "baseDex": 0, "comprice": 1000, "baseSpeed": 0, "growTemp": 0, "baseEffects": "0", "id": 54000020, "buyingRateCoin": 3430, "itemPage": 3, "script": "", "baseWis": 0, "baseSpeedAdditional": 0, "maxexp": 0, "baseCritAdditional": 0, "baseMagicAttack": 0, "type": 0, "baseBlockAdditional": 0, "maxstack": 5, "baseVit": 0, "bodyType": 0, "description": "\u96f7\u66b4\u6280\u80fd\u4e66\u7684\u5408\u6210\u6750\u6599", "levelRequire": 1, "baseMpAdditional": 0, "baseDodgeAdditional": 0, "useType": 1, "baseMagicDefense": 0, "suiteId": 0, "baseAttack": 0, "attackType": 0, "baseStr": 0, "baseQuality": 1, "icon": 22, "name": "\u96f7\u66b4\u788e\u7247", "basePhysicalDefense": 0, "canInjection": 0, "ownerexp": 0, "baseDefense": 0, "baseHitAdditional": 0}, "54000022": {"skill": 0, "baseHpAdditional": 0, "basePhysicalAttack": 0, "compound": 55000022, "baseDex": 0, "comprice": 1000, "baseSpeed": 0, "growTemp": 0, "baseEffects": "0", "id": 54000022, "buyingRateCoin": 3430, "itemPage": 3, "script": "", "baseWis": 0, "baseSpeedAdditional": 0, "maxexp": 0, "baseCritAdditional": 0, "baseMagicAttack": 0, "type": 0, "baseBlockAdditional": 0, "maxstack": 5, "baseVit": 0, "bodyType": 0, "description": "\u9b45\u60d1\u6280\u80fd\u4e66\u7684\u5408\u6210\u6750\u6599", "levelRequire": 1, "baseMpAdditional": 0, "baseDodgeAdditional": 0, "useType": 1, "baseMagicDefense": 0, "suiteId": 0, "baseAttack": 0, "attackType": 0, "baseStr": 0, "baseQuality": 1, "icon": 22, "name": "\u9b45\u60d1\u788e\u7247", "basePhysicalDefense": 0, "canInjection": 0, "ownerexp": 0, "baseDefense": 0, "baseHitAdditional": 0}, "54000024": {"skill": 0, "baseHpAdditional": 0, "basePhysicalAttack": 0, "compound": 55000024, "baseDex": 0, "comprice": 1000, "baseSpeed": 0, "growTemp": 0, "baseEffects": "0", "id": 54000024, "buyingRateCoin": 3430, "itemPage": 3, "script": "", "baseWis": 0, "baseSpeedAdditional": 0, "maxexp": 0, "baseCritAdditional": 0, "baseMagicAttack": 0, "type": 0, "baseBlockAdditional": 0, "maxstack": 5, "baseVit": 0, "bodyType": 0, "description": "\u6012\u568e\u6280\u80fd\u4e66\u7684\u5408\u6210\u6750\u6599", "levelRequire": 1, "baseMpAdditional": 0, "baseDodgeAdditional": 0, "useType": 1, "baseMagicDefense": 0, "suiteId": 0, "baseAttack": 0, "attackType": 0, "baseStr": 0, "baseQuality": 1, "icon": 22, "name": "\u6012\u568e\u788e\u7247", "basePhysicalDefense": 0, "canInjection": 0, "ownerexp": 0, "baseDefense": 0, "baseHitAdditional": 0}, "54000025": {"skill": 0, "baseHpAdditional": 0, "basePhysicalAttack": 0, "compound": 55000025, "baseDex": 0, "comprice": 1000, "baseSpeed": 0, "growTemp": 0, "baseEffects": "0", "id": 54000025, "buyingRateCoin": 3430, "itemPage": 3, "script": "", "baseWis": 0, "baseSpeedAdditional": 0, "maxexp": 0, "baseCritAdditional": 0, "baseMagicAttack": 0, "type": 0, "baseBlockAdditional": 0, "maxstack": 5, "baseVit": 0, "bodyType": 0, "description": "\u706b\u5899\u6280\u80fd\u4e66\u7684\u5408\u6210\u6750\u6599", "levelRequire": 1, "baseMpAdditional": 0, "baseDodgeAdditional": 0, "useType": 1, "baseMagicDefense": 0, "suiteId": 0, "baseAttack": 0, "attackType": 0, "baseStr": 0, "baseQuality": 1, "icon": 22, "name": "\u706b\u5899\u788e\u7247", "basePhysicalDefense": 0, "canInjection": 0, "ownerexp": 0, "baseDefense": 0, "baseHitAdditional": 0}, "54000029": {"skill": 0, "baseHpAdditional": 0, "basePhysicalAttack": 0, "compound": 55000029, "baseDex": 0, "comprice": 1000, "baseSpeed": 0, "growTemp": 0, "baseEffects": "0", "id": 54000029, "buyingRateCoin": 3430, "itemPage": 3, "script": "", "baseWis": 0, "baseSpeedAdditional": 0, "maxexp": 0, "baseCritAdditional": 0, "baseMagicAttack": 0, "type": 0, "baseBlockAdditional": 0, "maxstack": 5, "baseVit": 0, "bodyType": 0, "description": "\u8150\u8680\u6280\u80fd\u4e66\u7684\u5408\u6210\u6750\u6599", "levelRequire": 1, "baseMpAdditional": 0, "baseDodgeAdditional": 0, "useType": 1, "baseMagicDefense": 0, "suiteId": 0, "baseAttack": 0, "attackType": 0, "baseStr": 0, "baseQuality": 1, "icon": 22, "name": "\u8150\u8680\u788e\u7247", "basePhysicalDefense": 0, "canInjection": 0, "ownerexp": 0, "baseDefense": 0, "baseHitAdditional": 0}, "54000030": {"skill": 0, "baseHpAdditional": 0, "basePhysicalAttack": 0, "compound": 55000030, "baseDex": 0, "comprice": 1000, "baseSpeed": 0, "growTemp": 0, "baseEffects": "0", "id": 54000030, "buyingRateCoin": 3430, "itemPage": 3, "script": "", "baseWis": 0, "baseSpeedAdditional": 0, "maxexp": 0, "baseCritAdditional": 0, "baseMagicAttack": 0, "type": 0, "baseBlockAdditional": 0, "maxstack": 5, "baseVit": 0, "bodyType": 0, "description": "\u5a01\u6151\u6280\u80fd\u4e66\u7684\u5408\u6210\u6750\u6599", "levelRequire": 1, "baseMpAdditional": 0, "baseDodgeAdditional": 0, "useType": 1, "baseMagicDefense": 0, "suiteId": 0, "baseAttack": 0, "attackType": 0, "baseStr": 0, "baseQuality": 1, "icon": 22, "name": "\u5a01\u6151\u788e\u7247", "basePhysicalDefense": 0, "canInjection": 0, "ownerexp": 0, "baseDefense": 0, "baseHitAdditional": 0}, "54000031": {"skill": 0, "baseHpAdditional": 0, "basePhysicalAttack": 0, "compound": 55000031, "baseDex": 0, "comprice": 1000, "baseSpeed": 0, "growTemp": 0, "baseEffects": "0", "id": 54000031, "buyingRateCoin": 3430, "itemPage": 3, "script": "", "baseWis": 0, "baseSpeedAdditional": 0, "maxexp": 0, "baseCritAdditional": 0, "baseMagicAttack": 0, "type": 0, "baseBlockAdditional": 0, "maxstack": 5, "baseVit": 0, "bodyType": 0, "description": "\u9668\u77f3\u6280\u80fd\u4e66\u7684\u5408\u6210\u6750\u6599", "levelRequire": 1, "baseMpAdditional": 0, "baseDodgeAdditional": 0, "useType": 1, "baseMagicDefense": 0, "suiteId": 0, "baseAttack": 0, "attackType": 0, "baseStr": 0, "baseQuality": 1, "icon": 22, "name": "\u9668\u77f3\u788e\u7247", "basePhysicalDefense": 0, "canInjection": 0, "ownerexp": 0, "baseDefense": 0, "baseHitAdditional": 0}, "55000006": {"skill": 100006, "baseHpAdditional": 0, "basePhysicalAttack": 0, "compound": 0, "baseDex": 0, "comprice": 0, "baseSpeed": 0, "growTemp": 0, "baseEffects": "0", "id": 55000006, "buyingRateCoin": 3430, "itemPage": 1, "script": "", "baseWis": 0, "baseSpeedAdditional": 0, "maxexp": 0, "baseCritAdditional": 0, "baseMagicAttack": 0, "type": 2, "baseBlockAdditional": 0, "maxstack": 1, "baseVit": 0, "bodyType": 6, "description": "\u3010\u540e\u5355\u3011\u9020\u6210150%\u4f24\u5bb3", "levelRequire": 1, "baseMpAdditional": 0, "baseDodgeAdditional": 0, "useType": 1, "baseMagicDefense": 0, "suiteId": 0, "baseAttack": 0, "attackType": 0, "baseStr": 0, "baseQuality": 1, "icon": 22, "name": "\u5077\u88ad\u6280\u80fd\u4e66", "basePhysicalDefense": 0, "canInjection": 0, "ownerexp": 0, "baseDefense": 0, "baseHitAdditional": 0}, "55000007": {"skill": 100007, "baseHpAdditional": 0, "basePhysicalAttack": 0, "compound": 0, "baseDex": 0, "comprice": 0, "baseSpeed": 0, "growTemp": 0, "baseEffects": "0", "id": 55000007, "buyingRateCoin": 3430, "itemPage": 1, "script": "", "baseWis": 0, "baseSpeedAdditional": 0, "maxexp": 0, "baseCritAdditional": 0, "baseMagicAttack": 0, "type": 2, "baseBlockAdditional": 0, "maxstack": 1, "baseVit": 0, "bodyType": 6, "description": "\u3010\u5355\u4f53\u3011\u9020\u6210250%\u4f24\u5bb3", "levelRequire": 1, "baseMpAdditional": 0, "baseDodgeAdditional": 0, "useType": 1, "baseMagicDefense": 0, "suiteId": 0, "baseAttack": 0, "attackType": 0, "baseStr": 0, "baseQuality": 1, "icon": 22, "name": "\u95ea\u7535\u6280\u80fd\u4e66", "basePhysicalDefense": 0, "canInjection": 0, "ownerexp": 0, "baseDefense": 0, "baseHitAdditional": 0}, "55000008": {"skill": 100008, "baseHpAdditional": 0, "basePhysicalAttack": 0, "compound": 0, "baseDex": 0, "comprice": 0, "baseSpeed": 0, "growTemp": 0, "baseEffects": "0", "id": 55000008, "buyingRateCoin": 3430, "itemPage": 1, "script": "", "baseWis": 0, "baseSpeedAdditional": 0, "maxexp": 0, "baseCritAdditional": 0, "baseMagicAttack": 0, "type": 2, "baseBlockAdditional": 0, "maxstack": 1, "baseVit": 0, "bodyType": 6, "description": "\u3010\u5355\u4f53\u3011\u9632\u5fa1\u529b\u4e0b\u964d100%", "levelRequire": 1, "baseMpAdditional": 0, "baseDodgeAdditional": 0, "useType": 1, "baseMagicDefense": 0, "suiteId": 0, "baseAttack": 0, "attackType": 0, "baseStr": 0, "baseQuality": 1, "icon": 22, "name": "\u7834\u7532\u6280\u80fd\u4e66", "basePhysicalDefense": 0, "canInjection": 0, "ownerexp": 0, "baseDefense": 0, "baseHitAdditional": 0}, "55000011": {"skill": 100011, "baseHpAdditional": 0, "basePhysicalAttack": 0, "compound": 0, "baseDex": 0, "comprice": 0, "baseSpeed": 0, "growTemp": 0, "baseEffects": "0", "id": 55000011, "buyingRateCoin": 3430, "itemPage": 1, "script": "", "baseWis": 0, "baseSpeedAdditional": 0, "maxexp": 0, "baseCritAdditional": 0, "baseMagicAttack": 0, "type": 2, "baseBlockAdditional": 0, "maxstack": 1, "baseVit": 0, "bodyType": 6, "description": "\u3010\u7ad6\u6392\u3011\u9020\u6210100%\u4f24\u5bb3", "levelRequire": 1, "baseMpAdditional": 0, "baseDodgeAdditional": 0, "useType": 1, "baseMagicDefense": 0, "suiteId": 0, "baseAttack": 0, "attackType": 0, "baseStr": 0, "baseQuality": 1, "icon": 22, "name": "\u7a7f\u523a\u6280\u80fd\u4e66", "basePhysicalDefense": 0, "canInjection": 0, "ownerexp": 0, "baseDefense": 0, "baseHitAdditional": 0}, "55000015": {"skill": 100015, "baseHpAdditional": 0, "basePhysicalAttack": 0, "compound": 0, "baseDex": 0, "comprice": 0, "baseSpeed": 0, "growTemp": 0, "baseEffects": "0", "id": 55000015, "buyingRateCoin": 3430, "itemPage": 1, "script": "", "baseWis": 0, "baseSpeedAdditional": 0, "maxexp": 0, "baseCritAdditional": 0, "baseMagicAttack": 0, "type": 2, "baseBlockAdditional": 0, "maxstack": 1, "baseVit": 0, "bodyType": 6, "description": "\u3010\u7ad6\u6392\u3011\u9020\u6210110%\u4f24\u5bb3", "levelRequire": 1, "baseMpAdditional": 0, "baseDodgeAdditional": 0, "useType": 1, "baseMagicDefense": 0, "suiteId": 0, "baseAttack": 0, "attackType": 0, "baseStr": 0, "baseQuality": 1, "icon": 22, "name": "\u9b3c\u795e\u6280\u80fd\u4e66", "basePhysicalDefense": 0, "canInjection": 0, "ownerexp": 0, "baseDefense": 0, "baseHitAdditional": 0}, "55000016": {"skill": 100016, "baseHpAdditional": 0, "basePhysicalAttack": 0, "compound": 0, "baseDex": 0, "comprice": 0, "baseSpeed": 0, "growTemp": 0, "baseEffects": "0", "id": 55000016, "buyingRateCoin": 3430, "itemPage": 1, "script": "", "baseWis": 0, "baseSpeedAdditional": 0, "maxexp": 0, "baseCritAdditional": 0, "baseMagicAttack": 0, "type": 2, "baseBlockAdditional": 0, "maxstack": 1, "baseVit": 0, "bodyType": 6, "description": "\u3010\u5355\u4f53\u3011\u6bcf\u56de\u5408\u9020\u6210150%\u4f24\u5bb3\uff0c2\u56de\u5408", "levelRequire": 1, "baseMpAdditional": 0, "baseDodgeAdditional": 0, "useType": 1, "baseMagicDefense": 0, "suiteId": 0, "baseAttack": 0, "attackType": 0, "baseStr": 0, "baseQuality": 1, "icon": 22, "name": "\u4e71\u5200\u6280\u80fd\u4e66", "basePhysicalDefense": 0, "canInjection": 0, "ownerexp": 0, "baseDefense": 0, "baseHitAdditional": 0}, "55000017": {"skill": 100017, "baseHpAdditional": 0, "basePhysicalAttack": 0, "compound": 0, "baseDex": 0, "comprice": 0, "baseSpeed": 0, "growTemp": 0, "baseEffects": "0", "id": 55000017, "buyingRateCoin": 3430, "itemPage": 1, "script": "", "baseWis": 0, "baseSpeedAdditional": 0, "maxexp": 0, "baseCritAdditional": 0, "baseMagicAttack": 0, "type": 2, "baseBlockAdditional": 0, "maxstack": 1, "baseVit": 0, "bodyType": 6, "description": "\u3010\u6a2a\u6392\u3011\u9632\u5fa1\u4e0b\u964d50%\uff0c2\u56de\u5408", "levelRequire": 1, "baseMpAdditional": 0, "baseDodgeAdditional": 0, "useType": 1, "baseMagicDefense": 0, "suiteId": 0, "baseAttack": 0, "attackType": 0, "baseStr": 0, "baseQuality": 1, "icon": 22, "name": "\u865a\u5f31\u6280\u80fd\u4e66", "basePhysicalDefense": 0, "canInjection": 0, "ownerexp": 0, "baseDefense": 0, "baseHitAdditional": 0}, "55000019": {"skill": 100019, "baseHpAdditional": 0, "basePhysicalAttack": 0, "compound": 0, "baseDex": 0, "comprice": 0, "baseSpeed": 0, "growTemp": 0, "baseEffects": "0", "id": 55000019, "buyingRateCoin": 3430, "itemPage": 1, "script": "", "baseWis": 0, "baseSpeedAdditional": 0, "maxexp": 0, "baseCritAdditional": 0, "baseMagicAttack": 0, "type": 2, "baseBlockAdditional": 0, "maxstack": 1, "baseVit": 0, "bodyType": 6, "description": "\u3010\u6a2a\u6392\u3011\u9020\u6210120%\u4f24\u5bb3", "levelRequire": 1, "baseMpAdditional": 0, "baseDodgeAdditional": 0, "useType": 1, "baseMagicDefense": 0, "suiteId": 0, "baseAttack": 0, "attackType": 0, "baseStr": 0, "baseQuality": 1, "icon": 22, "name": "\u6a2a\u626b\u6280\u80fd\u4e66", "basePhysicalDefense": 0, "canInjection": 0, "ownerexp": 0, "baseDefense": 0, "baseHitAdditional": 0}, "55000020": {"skill": 100020, "baseHpAdditional": 0, "basePhysicalAttack": 0, "compound": 0, "baseDex": 0, "comprice": 0, "baseSpeed": 0, "growTemp": 0, "baseEffects": "0", "id": 55000020, "buyingRateCoin": 3430, "itemPage": 1, "script": "", "baseWis": 0, "baseSpeedAdditional": 0, "maxexp": 0, "baseCritAdditional": 0, "baseMagicAttack": 0, "type": 2, "baseBlockAdditional": 0, "maxstack": 1, "baseVit": 0, "bodyType": 6, "description": "\u3010\u7fa4\u4f53\u3011\u9020\u6210140%\u4f24\u5bb3", "levelRequire": 1, "baseMpAdditional": 0, "baseDodgeAdditional": 0, "useType": 1, "baseMagicDefense": 0, "suiteId": 0, "baseAttack": 0, "attackType": 0, "baseStr": 0, "baseQuality": 1, "icon": 22, "name": "\u96f7\u66b4\u6280\u80fd\u4e66", "basePhysicalDefense": 0, "canInjection": 0, "ownerexp": 0, "baseDefense": 0, "baseHitAdditional": 0}, "55000022": {"skill": 100022, "baseHpAdditional": 0, "basePhysicalAttack": 0, "compound": 0, "baseDex": 0, "comprice": 0, "baseSpeed": 0, "growTemp": 0, "baseEffects": "0", "id": 55000022, "buyingRateCoin": 3430, "itemPage": 1, "script": "", "baseWis": 0, "baseSpeedAdditional": 0, "maxexp": 0, "baseCritAdditional": 0, "baseMagicAttack": 0, "type": 2, "baseBlockAdditional": 0, "maxstack": 1, "baseVit": 0, "bodyType": 6, "description": "\u3010\u7fa4\u4f53\u3011\u654c\u65b9\u4e0d\u80fd\u884c\u52a8", "levelRequire": 1, "baseMpAdditional": 0, "baseDodgeAdditional": 0, "useType": 1, "baseMagicDefense": 0, "suiteId": 0, "baseAttack": 0, "attackType": 0, "baseStr": 0, "baseQuality": 1, "icon": 22, "name": "\u9b45\u60d1\u6280\u80fd\u4e66", "basePhysicalDefense": 0, "canInjection": 0, "ownerexp": 0, "baseDefense": 0, "baseHitAdditional": 0}, "55000024": {"skill": 100024, "baseHpAdditional": 0, "basePhysicalAttack": 0, "compound": 0, "baseDex": 0, "comprice": 0, "baseSpeed": 0, "growTemp": 0, "baseEffects": "0", "id": 55000024, "buyingRateCoin": 3430, "itemPage": 1, "script": "", "baseWis": 0, "baseSpeedAdditional": 0, "maxexp": 0, "baseCritAdditional": 0, "baseMagicAttack": 0, "type": 2, "baseBlockAdditional": 0, "maxstack": 1, "baseVit": 0, "bodyType": 6, "description": "\u3010\u7fa4\u4f53\u3011\u654c\u65b9\u80fd\u91cf\u964d\u4e3a0", "levelRequire": 1, "baseMpAdditional": 0, "baseDodgeAdditional": 0, "useType": 1, "baseMagicDefense": 0, "suiteId": 0, "baseAttack": 0, "attackType": 0, "baseStr": 0, "baseQuality": 1, "icon": 22, "name": "\u6012\u568e\u6280\u80fd\u4e66", "basePhysicalDefense": 0, "canInjection": 0, "ownerexp": 0, "baseDefense": 0, "baseHitAdditional": 0}, "55000025": {"skill": 100025, "baseHpAdditional": 0, "basePhysicalAttack": 0, "compound": 0, "baseDex": 0, "comprice": 0, "baseSpeed": 0, "growTemp": 0, "baseEffects": "0", "id": 55000025, "buyingRateCoin": 3430, "itemPage": 1, "script": "", "baseWis": 0, "baseSpeedAdditional": 0, "maxexp": 0, "baseCritAdditional": 0, "baseMagicAttack": 0, "type": 2, "baseBlockAdditional": 0, "maxstack": 1, "baseVit": 0, "bodyType": 6, "description": "\u3010\u540e\u6a2a\u3011\u9020\u6210150%\u4f24\u5bb3", "levelRequire": 1, "baseMpAdditional": 0, "baseDodgeAdditional": 0, "useType": 1, "baseMagicDefense": 0, "suiteId": 0, "baseAttack": 0, "attackType": 0, "baseStr": 0, "baseQuality": 1, "icon": 22, "name": "\u706b\u5899\u6280\u80fd\u4e66", "basePhysicalDefense": 0, "canInjection": 0, "ownerexp": 0, "baseDefense": 0, "baseHitAdditional": 0}, "55000029": {"skill": 100029, "baseHpAdditional": 0, "basePhysicalAttack": 0, "compound": 0, "baseDex": 0, "comprice": 0, "baseSpeed": 0, "growTemp": 0, "baseEffects": "0", "id": 55000029, "buyingRateCoin": 3430, "itemPage": 1, "script": "", "baseWis": 0, "baseSpeedAdditional": 0, "maxexp": 0, "baseCritAdditional": 0, "baseMagicAttack": 0, "type": 2, "baseBlockAdditional": 0, "maxstack": 1, "baseVit": 0, "bodyType": 6, "description": "\u3010\u7fa4\u4f53\u3011\u9632\u5fa1\u4e0b\u964d30%", "levelRequire": 1, "baseMpAdditional": 0, "baseDodgeAdditional": 0, "useType": 1, "baseMagicDefense": 0, "suiteId": 0, "baseAttack": 0, "attackType": 0, "baseStr": 0, "baseQuality": 1, "icon": 22, "name": "\u8150\u8680\u6280\u80fd\u4e66", "basePhysicalDefense": 0, "canInjection": 0, "ownerexp": 0, "baseDefense": 0, "baseHitAdditional": 0}, "55000030": {"skill": 100030, "baseHpAdditional": 0, "basePhysicalAttack": 0, "compound": 0, "baseDex": 0, "comprice": 0, "baseSpeed": 0, "growTemp": 0, "baseEffects": "0", "id": 55000030, "buyingRateCoin": 3430, "itemPage": 1, "script": "", "baseWis": 0, "baseSpeedAdditional": 0, "maxexp": 0, "baseCritAdditional": 0, "baseMagicAttack": 0, "type": 2, "baseBlockAdditional": 0, "maxstack": 1, "baseVit": 0, "bodyType": 6, "description": "\u3010\u7fa4\u4f53\u3011\u653b\u51fb\u4e0b\u964d30%", "levelRequire": 1, "baseMpAdditional": 0, "baseDodgeAdditional": 0, "useType": 1, "baseMagicDefense": 0, "suiteId": 0, "baseAttack": 0, "attackType": 0, "baseStr": 0, "baseQuality": 1, "icon": 22, "name": "\u5a01\u6151\u6280\u80fd\u4e66", "basePhysicalDefense": 0, "canInjection": 0, "ownerexp": 0, "baseDefense": 0, "baseHitAdditional": 0}, "55000031": {"skill": 100031, "baseHpAdditional": 0, "basePhysicalAttack": 0, "compound": 0, "baseDex": 0, "comprice": 0, "baseSpeed": 0, "growTemp": 0, "baseEffects": "0", "id": 55000031, "buyingRateCoin": 3430, "itemPage": 1, "script": "", "baseWis": 0, "baseSpeedAdditional": 0, "maxexp": 0, "baseCritAdditional": 0, "baseMagicAttack": 0, "type": 2, "baseBlockAdditional": 0, "maxstack": 1, "baseVit": 0, "bodyType": 6, "description": "\u3010\u7fa4\u4f53\u3011\u9020\u6210200%\u4f24\u5bb3", "levelRequire": 1, "baseMpAdditional": 0, "baseDodgeAdditional": 0, "useType": 1, "baseMagicDefense": 0, "suiteId": 0, "baseAttack": 0, "attackType": 0, "baseStr": 0, "baseQuality": 1, "icon": 22, "name": "\u9668\u77f3\u6280\u80fd\u4e66", "basePhysicalDefense": 0, "canInjection": 0, "ownerexp": 0, "baseDefense": 0, "baseHitAdditional": 0}}