<?xml version="1.0" encoding="UTF-8"?>
<root>
    <plists>
        <plist>mrjtx.plist</plist>
    </plists>
    <animations>
        <animation>
            <name>mrj</name>
            <delay>0.1</delay>
            <flipX>false</flipX>
            <flipY>false</flipY>
            <spriteFrame>mrj_01.png</spriteFrame>
            <spriteFrame>mrj_02.png</spriteFrame>
            <spriteFrame>mrj_03.png</spriteFrame>
            <spriteFrame>mrj_04.png</spriteFrame>
            <spriteFrame>mrj_05.png</spriteFrame>
            <spriteFrame>mrj_06.png</spriteFrame>
            <spriteFrame>mrj_07.png</spriteFrame>
            <spriteFrame>mrj_08.png</spriteFrame>
            <spriteFrame>mrj_09.png</spriteFrame>
        </animation>
        <animation>
            <name>mrj_tz</name>
            <delay>0.125</delay>
            <flipX>false</flipX>
            <flipY>false</flipY>
            <spriteFrame>mrj_01_01.png</spriteFrame>
            <spriteFrame>mrj_01_02.png</spriteFrame>
            <spriteFrame>mrj_01_03.png</spriteFrame>
        </animation>
    </animations>
</root>
