<?xml version="1.0" encoding="UTF-8"?>
<root>
    <plists>
        <plist>tgntx.plist</plist>
        <plist>txtx.plist</plist>
        <plist>wlbftx.plist</plist>
        <plist>xfztx.plist</plist>
    </plists>
    <animations>
        <animation>
            <name>tgn_tz</name>
            <delay>0.125</delay>
            <flipX>false</flipX>
            <flipY>false</flipY>
            <spriteFrame>tgn_01_01.png</spriteFrame>
            <spriteFrame>tgn_01_02.png</spriteFrame>
            <spriteFrame>tgn_01_03.png</spriteFrame>
        </animation>
        <animation>
            <name>tgn</name>
            <delay>0.125</delay>
            <flipX>false</flipX>
            <flipY>false</flipY>
            <spriteFrame>tgn_01.png</spriteFrame>
            <spriteFrame>tgn_02.png</spriteFrame>
            <spriteFrame>tgn_03.png</spriteFrame>
            <spriteFrame>tgn_04.png</spriteFrame>
            <spriteFrame>tgn_05.png</spriteFrame>
            <spriteFrame>tgn_06.png</spriteFrame>
            <spriteFrame>tgn_07.png</spriteFrame>
            <spriteFrame>tgn_08.png</spriteFrame>
        </animation>
        <animation>
            <name>tx_tz</name>
            <delay>0.125</delay>
            <flipX>false</flipX>
            <flipY>false</flipY>
            <spriteFrame>tx_01_01.png</spriteFrame>
            <spriteFrame>tx_01_02.png</spriteFrame>
            <spriteFrame>tx_01_03.png</spriteFrame>
        </animation>
        <animation>
            <name>tx</name>
            <delay>0.125</delay>
            <flipX>false</flipX>
            <flipY>false</flipY>
            <spriteFrame>tx_01.png</spriteFrame>
            <spriteFrame>tx_02.png</spriteFrame>
            <spriteFrame>tx_03.png</spriteFrame>
            <spriteFrame>tx_04.png</spriteFrame>
            <spriteFrame>tx_05.png</spriteFrame>
            <spriteFrame>tx_06.png</spriteFrame>
            <spriteFrame>tx_07.png</spriteFrame>
        </animation>
        <animation>
            <name>wlbf_tz</name>
            <delay>0.125</delay>
            <flipX>false</flipX>
            <flipY>false</flipY>
            <spriteFrame>wlbf_01_01.png</spriteFrame>
            <spriteFrame>wlbf_01_02.png</spriteFrame>
            <spriteFrame>wlbf_01_03.png</spriteFrame>
        </animation>
        <animation>
            <name>wlbf</name>
            <delay>0.125</delay>
            <flipX>false</flipX>
            <flipY>false</flipY>
            <spriteFrame>wlbf_01.png</spriteFrame>
            <spriteFrame>wlbf_02.png</spriteFrame>
            <spriteFrame>wlbf_03.png</spriteFrame>
            <spriteFrame>wlbf_04.png</spriteFrame>
            <spriteFrame>wlbf_05.png</spriteFrame>
            <spriteFrame>wlbf_06.png</spriteFrame>
            <spriteFrame>wlbf_07.png</spriteFrame>
            <spriteFrame>wlbf_08.png</spriteFrame>
            <spriteFrame>wlbf_09.png</spriteFrame>
        </animation>
        <animation>
            <name>xfz_tz</name>
            <delay>0.125</delay>
            <flipX>false</flipX>
            <flipY>false</flipY>
            <spriteFrame>xfz_01_01.png</spriteFrame>
            <spriteFrame>xfz_01_02.png</spriteFrame>
            <spriteFrame>xfz_01_03.png</spriteFrame>
        </animation>
        <animation>
            <name>xfz</name>
            <delay>0.125</delay>
            <flipX>false</flipX>
            <flipY>false</flipY>
            <spriteFrame>xfz_01.png</spriteFrame>
            <spriteFrame>xfz_02.png</spriteFrame>
            <spriteFrame>xfz_03.png</spriteFrame>
            <spriteFrame>xfz_04.png</spriteFrame>
            <spriteFrame>xfz_05.png</spriteFrame>
            <spriteFrame>xfz_06.png</spriteFrame>
        </animation>
    </animations>
</root>
