<?xml version="1.0" encoding="UTF-8"?>
<root>
    <plists>
        <plist>sjzstx.plist</plist>
        <plist>slzstx.plist</plist>
        <plist>sqzstx.plist</plist>
        <plist>srzstx.plist</plist>
        <plist>szhtx.plist</plist>
    </plists>
    <animations>
        <animation>
            <name>sjzs_tz</name>
            <delay>0.125</delay>
            <flipX>false</flipX>
            <flipY>false</flipY>
            <spriteFrame>sjzs_01_01.png</spriteFrame>
            <spriteFrame>sjzs_01_02.png</spriteFrame>
            <spriteFrame>sjzs_01_03.png</spriteFrame>
        </animation>
        <animation>
            <name>sjzs</name>
            <delay>0.125</delay>
            <flipX>false</flipX>
            <flipY>false</flipY>
            <spriteFrame>sjzs_01.png</spriteFrame>
            <spriteFrame>sjzs_02.png</spriteFrame>
            <spriteFrame>sjzs_03.png</spriteFrame>
            <spriteFrame>sjzs_04.png</spriteFrame>
            <spriteFrame>sjzs_05.png</spriteFrame>
            <spriteFrame>sjzs_06.png</spriteFrame>
            <spriteFrame>sjzs_07.png</spriteFrame>
            <spriteFrame>sjzs_08.png</spriteFrame>
        </animation>
        <animation>
            <name>slzs_tz</name>
            <delay>0.125</delay>
            <flipX>false</flipX>
            <flipY>false</flipY>
            <spriteFrame>slzs_01_01.png</spriteFrame>
            <spriteFrame>slzs_01_02.png</spriteFrame>
            <spriteFrame>slzs_01_03.png</spriteFrame>
        </animation>
        <animation>
            <name>slzs</name>
            <delay>0.125</delay>
            <flipX>false</flipX>
            <flipY>false</flipY>
            <spriteFrame>slzs_01.png</spriteFrame>
            <spriteFrame>slzs_02.png</spriteFrame>
            <spriteFrame>slzs_03.png</spriteFrame>
            <spriteFrame>slzs_04.png</spriteFrame>
            <spriteFrame>slzs_05.png</spriteFrame>
            <spriteFrame>slzs_06.png</spriteFrame>
            <spriteFrame>slzs_07.png</spriteFrame>
            <spriteFrame>slzs_08.png</spriteFrame>
        </animation>
        <animation>
            <name>sqzs_tz</name>
            <delay>0.125</delay>
            <flipX>false</flipX>
            <flipY>false</flipY>
            <spriteFrame>sqzs_01_01.png</spriteFrame>
            <spriteFrame>sqzs_01_02.png</spriteFrame>
            <spriteFrame>sqzs_01_03.png</spriteFrame>
        </animation>
        <animation>
            <name>sqzs</name>
            <delay>0.125</delay>
            <flipX>false</flipX>
            <flipY>false</flipY>
            <spriteFrame>sqzs_01.png</spriteFrame>
            <spriteFrame>sqzs_02.png</spriteFrame>
            <spriteFrame>sqzs_03.png</spriteFrame>
            <spriteFrame>sqzs_04.png</spriteFrame>
            <spriteFrame>sqzs_05.png</spriteFrame>
            <spriteFrame>sqzs_06.png</spriteFrame>
            <spriteFrame>sqzs_07.png</spriteFrame>
        </animation>
        <animation>
            <name>srzs_tz</name>
            <delay>0.125</delay>
            <flipX>false</flipX>
            <flipY>false</flipY>
            <spriteFrame>srzs_01_01.png</spriteFrame>
            <spriteFrame>srzs_01_02.png</spriteFrame>
            <spriteFrame>srzs_01_03.png</spriteFrame>
        </animation>
        <animation>
            <name>srzs</name>
            <delay>0.125</delay>
            <flipX>false</flipX>
            <flipY>false</flipY>
            <spriteFrame>srzs_01.png</spriteFrame>
            <spriteFrame>srzs_02.png</spriteFrame>
            <spriteFrame>srzs_03.png</spriteFrame>
            <spriteFrame>srzs_04.png</spriteFrame>
            <spriteFrame>srzs_05.png</spriteFrame>
            <spriteFrame>srzs_06.png</spriteFrame>
            <spriteFrame>srzs_07.png</spriteFrame>
        </animation>
        <animation>
            <name>szh_tz</name>
            <delay>0.125</delay>
            <flipX>false</flipX>
            <flipY>false</flipY>
            <spriteFrame>sjh_tz_01.png</spriteFrame>
            <spriteFrame>sjh_tz_02.png</spriteFrame>
            <spriteFrame>sjh_tz_03.png</spriteFrame>
        </animation>
        <animation>
            <name>szh</name>
            <delay>0.125</delay>
            <flipX>false</flipX>
            <flipY>false</flipY>
            <spriteFrame>szh_01.png</spriteFrame>
            <spriteFrame>szh_02.png</spriteFrame>
            <spriteFrame>szh_03.png</spriteFrame>
            <spriteFrame>szh_04.png</spriteFrame>
            <spriteFrame>szh_05.png</spriteFrame>
            <spriteFrame>szh_06.png</spriteFrame>
            <spriteFrame>szh_07.png</spriteFrame>
            <spriteFrame>szh_08.png</spriteFrame>
        </animation>
    </animations>
</root>
