<?xml version="1.0" encoding="UTF-8"?>
<root>
    <plists>
        <plist>qstx_01.plist</plist>
        <plist>qstx_02.plist</plist>
    </plists>
    <animations>
        <animation>
            <name>mou</name>
            <delay>0.0875</delay>
            <flipX>false</flipX>
            <flipY>false</flipY>
            <spriteFrame>mou_01.png</spriteFrame>
            <spriteFrame>mou_02.png</spriteFrame>
            <spriteFrame>mou_03.png</spriteFrame>
            <spriteFrame>mou_04.png</spriteFrame>
            <spriteFrame>mou_05.png</spriteFrame>
            <spriteFrame>mou_06.png</spriteFrame>
            <spriteFrame>mou_07.png</spriteFrame>
            <spriteFrame>mou_08.png</spriteFrame>
        </animation>
        <animation>
            <name>qs_sfzs</name>
            <delay>0.125</delay>
            <flipX>false</flipX>
            <flipY>false</flipY>
            <spriteFrame>qs_sfzs_01.png</spriteFrame>
            <spriteFrame>qs_sfzs_02.png</spriteFrame>
            <spriteFrame>qs_sfzs_03.png</spriteFrame>
            <spriteFrame>qs_sfzs_04.png</spriteFrame>
            <spriteFrame>qs_sfzs_05.png</spriteFrame>
            <spriteFrame>qs_sfzs_06.png</spriteFrame>
            <spriteFrame>qs_sfzs_07.png</spriteFrame>
            <spriteFrame>qs_sfzs_08.png</spriteFrame>
            <spriteFrame>qs_sfzs_09.png</spriteFrame>
        </animation>
        <animation>
            <name>ptbj</name>
            <delay>0.125</delay>
            <flipX>false</flipX>
            <flipY>false</flipY>
            <spriteFrame>ptbj_01.png</spriteFrame>
            <spriteFrame>ptbj_02.png</spriteFrame>
            <spriteFrame>ptbj_03.png</spriteFrame>
            <spriteFrame>ptbj_04.png</spriteFrame>
            <spriteFrame>ptbj_05.png</spriteFrame>
            <spriteFrame>ptbj_06.png</spriteFrame>
            <spriteFrame>ptbj_07.png</spriteFrame>
            <spriteFrame>ptbj_08.png</spriteFrame>
        </animation>
        <animation>
            <name>ptgj</name>
            <delay>0.125</delay>
            <flipX>false</flipX>
            <flipY>false</flipY>
            <spriteFrame>ptgj_01.png</spriteFrame>
            <spriteFrame>ptgj_02.png</spriteFrame>
            <spriteFrame>ptgj_03.png</spriteFrame>
        </animation>
        <animation>
            <name>qs_sjzs</name>
            <delay>0.125</delay>
            <flipX>false</flipX>
            <flipY>false</flipY>
            <spriteFrame>qs_sjzs_01.png</spriteFrame>
            <spriteFrame>qs_sjzs_02.png</spriteFrame>
            <spriteFrame>qs_sjzs_03.png</spriteFrame>
            <spriteFrame>qs_sjzs_04.png</spriteFrame>
            <spriteFrame>qs_sjzs_05.png</spriteFrame>
            <spriteFrame>qs_sjzs_06.png</spriteFrame>
            <spriteFrame>qs_sjzs_07.png</spriteFrame>
            <spriteFrame>qs_sjzs_08.png</spriteFrame>
            <spriteFrame>qs_sjzs_09.png</spriteFrame>
        </animation>
        <animation>
            <name>qs_slzs</name>
            <delay>0.125</delay>
            <flipX>false</flipX>
            <flipY>false</flipY>
            <spriteFrame>qs_slzs_01.png</spriteFrame>
            <spriteFrame>qs_slzs_02.png</spriteFrame>
            <spriteFrame>qs_slzs_03.png</spriteFrame>
            <spriteFrame>qs_slzs_04.png</spriteFrame>
            <spriteFrame>qs_slzs_05.png</spriteFrame>
            <spriteFrame>qs_slzs_06.png</spriteFrame>
            <spriteFrame>qs_slzs_07.png</spriteFrame>
            <spriteFrame>qs_slzs_08.png</spriteFrame>
            <spriteFrame>qs_slzs_09.png</spriteFrame>
        </animation>
        <animation>
            <name>qs_sqzs</name>
            <delay>0.125</delay>
            <flipX>false</flipX>
            <flipY>false</flipY>
            <spriteFrame>qs_sqzs_01.png</spriteFrame>
            <spriteFrame>qs_sqzs_02.png</spriteFrame>
            <spriteFrame>qs_sqzs_03.png</spriteFrame>
            <spriteFrame>qs_sqzs_04.png</spriteFrame>
            <spriteFrame>qs_sqzs_05.png</spriteFrame>
            <spriteFrame>qs_sqzs_06.png</spriteFrame>
            <spriteFrame>qs_sqzs_08.png</spriteFrame>
            <spriteFrame>qs_sqzs_09.png</spriteFrame>
            <spriteFrame>qs_sqzs_10.png</spriteFrame>
        </animation>
        <animation>
            <name>qs_srzs</name>
            <delay>0.125</delay>
            <flipX>false</flipX>
            <flipY>false</flipY>
            <spriteFrame>qs_srzs_01.png</spriteFrame>
            <spriteFrame>qs_srzs_02.png</spriteFrame>
            <spriteFrame>qs_srzs_03.png</spriteFrame>
            <spriteFrame>qs_srzs_04.png</spriteFrame>
            <spriteFrame>qs_srzs_05.png</spriteFrame>
            <spriteFrame>qs_srzs_06.png</spriteFrame>
            <spriteFrame>qs_srzs_07.png</spriteFrame>
            <spriteFrame>qs_srzs_08.png</spriteFrame>
            <spriteFrame>qs_srzs_09.png</spriteFrame>
        </animation>
        <animation>
            <name>qs_tjbgz</name>
            <delay>0.125</delay>
            <flipX>false</flipX>
            <flipY>false</flipY>
            <spriteFrame>qs_tjbgz_01.png</spriteFrame>
            <spriteFrame>qs_tjbgz_02.png</spriteFrame>
            <spriteFrame>qs_tjbgz_03.png</spriteFrame>
            <spriteFrame>qs_tjbgz_04.png</spriteFrame>
            <spriteFrame>qs_tjbgz_05.png</spriteFrame>
            <spriteFrame>qs_tjbgz_06.png</spriteFrame>
        </animation>
        <animation>
            <name>you</name>
            <delay>0.125</delay>
            <flipX>false</flipX>
            <flipY>false</flipY>
            <spriteFrame>you_01.png</spriteFrame>
            <spriteFrame>you_02.png</spriteFrame>
            <spriteFrame>you_03.png</spriteFrame>
            <spriteFrame>you_04.png</spriteFrame>
            <spriteFrame>you_05.png</spriteFrame>
            <spriteFrame>you_06.png</spriteFrame>
            <spriteFrame>you_07.png</spriteFrame>
            <spriteFrame>you_08.png</spriteFrame>
        </animation>
        <animation>
            <name>zhou</name>
            <delay>0.125</delay>
            <flipX>false</flipX>
            <flipY>false</flipY>
            <spriteFrame>zhou_01.png</spriteFrame>
            <spriteFrame>zhou_02.png</spriteFrame>
            <spriteFrame>zhou_03.png</spriteFrame>
            <spriteFrame>zhou_04.png</spriteFrame>
            <spriteFrame>zhou_05.png</spriteFrame>
            <spriteFrame>zhou_06.png</spriteFrame>
            <spriteFrame>zhou_07.png</spriteFrame>
            <spriteFrame>zhou_08.png</spriteFrame>
        </animation>
    </animations>
</root>
