<?xml version="1.0" encoding="UTF-8"?>
<root>
    <plists>
        <plist>sdjx.plist</plist>
    </plists>
    <animations>
        <animation>
            <name>sdjx</name>
            <delay>0.1</delay>
            <flipX>false</flipX>
            <flipY>false</flipY>
            <spriteFrame>sdjx_01.png</spriteFrame>
            <spriteFrame>sdjx_02.png</spriteFrame>
            <spriteFrame>sdjx_03.png</spriteFrame>
            <spriteFrame>sdjx_04.png</spriteFrame>
            <spriteFrame>sdjx_05.png</spriteFrame>
            <spriteFrame>sdjx_05.png</spriteFrame>
            <spriteFrame>sdjx_06.png</spriteFrame>
            <spriteFrame>sdjx_07.png</spriteFrame>
        </animation>
        <animation>
            <name>sdjx_tz</name>
            <delay>0.125</delay>
            <flipX>false</flipX>
            <flipY>false</flipY>
            <spriteFrame>sdjx_01_01.png</spriteFrame>
        </animation>
    </animations>
</root>
