<?xml version="1.0" encoding="UTF-8"?>
<root>
    <plists>
        <plist>dlrhtx.plist</plist>
        <plist>ggjstx.plist</plist>
        <plist>hlztx.plist</plist>
        <plist>kszdtx.plist</plist>
        <plist>ldztx.plist</plist>
        <plist>myztx.plist</plist>
        <plist>yszstx.plist</plist>
        <plist>yhlytx.plist</plist>
    </plists>
    <animations>
        <animation>
            <name>dlrh</name>
            <delay>0.125</delay>
            <flipX>false</flipX>
            <flipY>false</flipY>
            <spriteFrame>dlrh_01.png</spriteFrame>
            <spriteFrame>dlrh_02.png</spriteFrame>
            <spriteFrame>dlrh_03.png</spriteFrame>
            <spriteFrame>dlrh_04.png</spriteFrame>
            <spriteFrame>dlrh_05.png</spriteFrame>
            <spriteFrame>dlrh_06.png</spriteFrame>
            <spriteFrame>dlrh_07.png</spriteFrame>
            <spriteFrame>dlrh_08.png</spriteFrame>
            <spriteFrame>dlrh_09.png</spriteFrame>
            <spriteFrame>dlrh_10.png</spriteFrame>
            <spriteFrame>dlrh_11.png</spriteFrame>
            <spriteFrame>dlrh_12.png</spriteFrame>
        </animation>
        <animation>
            <name>ggjs</name>
            <delay>0.125</delay>
            <flipX>false</flipX>
            <flipY>false</flipY>
            <spriteFrame>ggjs_01.png</spriteFrame>
            <spriteFrame>ggjs_02.png</spriteFrame>
            <spriteFrame>ggjs_03.png</spriteFrame>
            <spriteFrame>ggjs_04.png</spriteFrame>
            <spriteFrame>ggjs_05.png</spriteFrame>
            <spriteFrame>ggjs_06.png</spriteFrame>
            <spriteFrame>ggjs_07.png</spriteFrame>
            <spriteFrame>ggjs_08.png</spriteFrame>
            <spriteFrame>ggjs_09.png</spriteFrame>
            <spriteFrame>ggjs_10.png</spriteFrame>
        </animation>
        <animation>
            <name>hlz</name>
            <delay>0.125</delay>
            <flipX>false</flipX>
            <flipY>false</flipY>
            <spriteFrame>hlz_01.png</spriteFrame>
            <spriteFrame>hlz_02.png</spriteFrame>
            <spriteFrame>hlz_03.png</spriteFrame>
            <spriteFrame>hlz_04.png</spriteFrame>
            <spriteFrame>hlz_05.png</spriteFrame>
            <spriteFrame>hlz_06.png</spriteFrame>
            <spriteFrame>hlz_07.png</spriteFrame>
            <spriteFrame>hlz_08.png</spriteFrame>
        </animation>
        <animation>
            <name>kszd</name>
            <delay>0.125</delay>
            <flipX>false</flipX>
            <flipY>false</flipY>
            <spriteFrame>kszd_01.png</spriteFrame>
            <spriteFrame>kszd_02.png</spriteFrame>
            <spriteFrame>kszd_03.png</spriteFrame>
            <spriteFrame>kszd_04.png</spriteFrame>
            <spriteFrame>kszd_05.png</spriteFrame>
            <spriteFrame>kszd_06.png</spriteFrame>
            <spriteFrame>kszd_07.png</spriteFrame>
            <spriteFrame>kszd_08.png</spriteFrame>
        </animation>
        <animation>
            <name>ldz</name>
            <delay>0.125</delay>
            <flipX>false</flipX>
            <flipY>false</flipY>
            <spriteFrame>ldz_01.png</spriteFrame>
            <spriteFrame>ldz_02.png</spriteFrame>
            <spriteFrame>ldz_03.png</spriteFrame>
            <spriteFrame>ldz_04.png</spriteFrame>
            <spriteFrame>ldz_05.png</spriteFrame>
            <spriteFrame>ldz_06.png</spriteFrame>
            <spriteFrame>ldz_07.png</spriteFrame>
        </animation>
        <animation>
            <name>myz</name>
            <delay>0.125</delay>
            <flipX>false</flipX>
            <flipY>false</flipY>
            <spriteFrame>myz_01.png</spriteFrame>
            <spriteFrame>myz_02.png</spriteFrame>
            <spriteFrame>myz_03.png</spriteFrame>
            <spriteFrame>myz_04.png</spriteFrame>
            <spriteFrame>myz_05.png</spriteFrame>
            <spriteFrame>myz_06.png</spriteFrame>
            <spriteFrame>myz_07.png</spriteFrame>
            <spriteFrame>myz_08.png</spriteFrame>
            <spriteFrame>myz_09.png</spriteFrame>
            <spriteFrame>myz_10.png</spriteFrame>
            <spriteFrame>myz_11.png</spriteFrame>
        </animation>
        <animation>
            <name>yszs</name>
            <delay>0.125</delay>
            <flipX>false</flipX>
            <flipY>false</flipY>
            <spriteFrame>yszs_01.png</spriteFrame>
            <spriteFrame>yszs_02.png</spriteFrame>
            <spriteFrame>yszs_03.png</spriteFrame>
            <spriteFrame>yszs_04.png</spriteFrame>
            <spriteFrame>yszs_05.png</spriteFrame>
            <spriteFrame>yszs_06.png</spriteFrame>
            <spriteFrame>yszs_07.png</spriteFrame>
            <spriteFrame>yszs_08.png</spriteFrame>
            <spriteFrame>yszs_09.png</spriteFrame>
            <spriteFrame>yszs_10.png</spriteFrame>
        </animation>
        <animation>
            <name>yhly</name>
            <delay>0.125</delay>
            <flipX>false</flipX>
            <flipY>false</flipY>
            <spriteFrame>yhly_01.png</spriteFrame>
            <spriteFrame>yhly_02.png</spriteFrame>
            <spriteFrame>yhly_03.png</spriteFrame>
            <spriteFrame>yhly_04.png</spriteFrame>
            <spriteFrame>yhly_05.png</spriteFrame>
            <spriteFrame>yhly_06.png</spriteFrame>
            <spriteFrame>yhly_07.png</spriteFrame>
            <spriteFrame>yhly_08.png</spriteFrame>
            <spriteFrame>yhly_09.png</spriteFrame>
            <spriteFrame>yhly_10.png</spriteFrame>
            <spriteFrame>yhly_11.png</spriteFrame>
        </animation>
    </animations>
</root>
