<?xml version="1.0" encoding="UTF-8"?>
<root>
    <plists>
        <plist>wlbftx.plist</plist>
    </plists>
    <animations>
        <animation>
            <name>wlbf</name>
            <delay>0.1</delay>
            <flipX>false</flipX>
            <flipY>false</flipY>
            <spriteFrame>wlbf_01.png</spriteFrame>
            <spriteFrame>wlbf_02.png</spriteFrame>
            <spriteFrame>wlbf_03.png</spriteFrame>
            <spriteFrame>wlbf_04.png</spriteFrame>
            <spriteFrame>wlbf_05.png</spriteFrame>
            <spriteFrame>wlbf_06.png</spriteFrame>
            <spriteFrame>wlbf_07.png</spriteFrame>
            <spriteFrame>wlbf_08.png</spriteFrame>
            <spriteFrame>wlbf_09.png</spriteFrame>
        </animation>
        <animation>
            <name>wlbf_tz</name>
            <delay>0.125</delay>
            <flipX>false</flipX>
            <flipY>false</flipY>
            <spriteFrame>wlbf_01_01.png</spriteFrame>
            <spriteFrame>wlbf_01_02.png</spriteFrame>
            <spriteFrame>wlbf_01_03.png</spriteFrame>
        </animation>
    </animations>
</root>
